"gene_id","Sig0alP","tmhmm","SwissProt_ID","SwissProt_Description","Blue1","Blue2","Blue3","Dark1","Dark2","Dark3","Yellow1","Yellow2","Yellow3","level3_pathway_name","ko","ko_name","ko_des"
"g_01051",0,0,"P12716.1","RecName: Full=Actin, cytoplasmic; Contains: RecName: Full=Actin, cytoplasmic, intermediate form; Flags: Precursor",18.274359,7.407874,2.15571,0,0.226589,0.287235,0,0,0,"Phototransduction - fly","K05692","ACTB_G1","actin beta/gamma 1"
"g_08757",0,0,"Q41420.1","PUTATIVE PSEUDOGENE: RecName: Full=Putative calmodulin-3; Short=CaM-3",36.280253,16.046749,19.310493,0.148223,0,0.370853,5.94185,7.930088,0.597556,"Phototransduction - fly","K02183","CALM","calmodulin"
"g_08757",0,0,"Q41420.1","PUTATIVE PSEUDOGENE: RecName: Full=Putative calmodulin-3; Short=CaM-3",36.280253,16.046749,19.310493,0.148223,0,0.370853,5.94185,7.930088,0.597556,"Phototransduction","K02183","CALM","calmodulin"
"g_09501",0,0,"P04464.3","RecName: Full=Calmodulin; Short=CaM",18.678784,10.194186,15.638236,0.393922,0,0,1.798118,2.399333,0.529161,"Phototransduction - fly","K02183","CALM","calmodulin"
"g_09501",0,0,"P04464.3","RecName: Full=Calmodulin; Short=CaM",18.678784,10.194186,15.638236,0.393922,0,0,1.798118,2.399333,0.529161,"Phototransduction","K02183","CALM","calmodulin"
"g_09982",0,0,"P61859.2","RecName: Full=Calmodulin; Short=CaM >P61860.2 RecName: Full=Calmodulin; Short=CaM >P61861.2 RecName: Full=Calmodulin; Short=CaM >Q9UWF0.4 RecName: Full=Calmodulin; Short=CaM",24.217985,4.541132,4.762796,0,0,0.225822,0,0,0.241872,"Phototransduction - fly","K02183","CALM","calmodulin"
"g_09982",0,0,"P61859.2","RecName: Full=Calmodulin; Short=CaM >P61860.2 RecName: Full=Calmodulin; Short=CaM >P61861.2 RecName: Full=Calmodulin; Short=CaM >Q9UWF0.4 RecName: Full=Calmodulin; Short=CaM",24.217985,4.541132,4.762796,0,0,0.225822,0,0,0.241872,"Phototransduction","K02183","CALM","calmodulin"
"g_10420",0,0,"Q99014.1","RecName: Full=Protein kinase C-like",9.552758,1.589196,1.34036,0,0.032285,0.167272,0.022979,0,0.059717,"Phototransduction - fly","K02677","PRKCA","classical protein kinase C alpha type"
"g_24609",0,0,"P62871.3","RecName: Full=Guanine nucleotide-binding protein G(I)/G(S)/G(T) subunit beta-1; AltName: Full=Transducin beta chain 1 >P62872.3 RecName: Full=Guanine nucleotide-binding protein G(I)/G(S)/G(T) subunit beta-1; AltName: Full=Transducin beta chain 1 >P62873.3 RecName: Full=Guanine nucleotide-binding protein G(I)/G(S)/G(T) subunit beta-1; AltName: Full=Transducin beta chain 1 >P62874.3 RecName: Full=Guanine nucleotide-binding protein G(I)/G(S)/G(T) subunit beta-1; AltName: Full=Transducin beta chain 1 >P54311.4 RecName: Full=Guanine nucleotide-binding protein G(I)/G(S)/G(T) subunit beta-1; AltName: Full=Transducin beta chain 1",22.573563,8.467426,8.691165,0.023763,0.022101,0.104788,3.167734,4.744376,0.504197,"Phototransduction","K04536","GNB1","guanine nucleotide-binding protein G(I)/G(S)/G(T) subunit beta-1"
"g_26777",0,0,"O60041.1","RecName: Full=Calmodulin; Short=CaM",7.673639,6.217903,7.106569,0,0.120025,0.205017,0.137065,0,0,"Phototransduction - fly","K02183","CALM","calmodulin"
"g_26777",0,0,"O60041.1","RecName: Full=Calmodulin; Short=CaM",7.673639,6.217903,7.106569,0,0.120025,0.205017,0.137065,0,0,"Phototransduction","K02183","CALM","calmodulin"
"g_31770",0,1,"Q09196.1","RecName: Full=Myosin regulatory light chain cdc4",11.766275,9.038369,7.468409,0.208971,0,0,1.868323,2.017337,0.372672,"Phototransduction - fly","K02183","CALM","calmodulin"
"g_31770",0,1,"Q09196.1","RecName: Full=Myosin regulatory light chain cdc4",11.766275,9.038369,7.468409,0.208971,0,0,1.868323,2.017337,0.372672,"Phototransduction","K02183","CALM","calmodulin"
"g_33597",0,0,"P36408.1","RecName: Full=Guanine nucleotide-binding protein subunit beta",33.606974,16.516017,17.138476,0.538378,0.152474,0.290688,9.08705,8.80656,0.707011,"Phototransduction","K04536","GNB1","guanine nucleotide-binding protein G(I)/G(S)/G(T) subunit beta-1"
"g_34466",0,0,"Q75D00.1","RecName: Full=Actin",16.062959,23.463251,23.450192,0.659846,0.627665,0.956761,0.424265,0.145771,0.423891,"Phototransduction - fly","K05692","ACTB_G1","actin beta/gamma 1"
"g_48714",0,0,"P62871.3","RecName: Full=Guanine nucleotide-binding protein G(I)/G(S)/G(T) subunit beta-1; AltName: Full=Transducin beta chain 1 >P62872.3 RecName: Full=Guanine nucleotide-binding protein G(I)/G(S)/G(T) subunit beta-1; AltName: Full=Transducin beta chain 1 >P62873.3 RecName: Full=Guanine nucleotide-binding protein G(I)/G(S)/G(T) subunit beta-1; AltName: Full=Transducin beta chain 1 >P62874.3 RecName: Full=Guanine nucleotide-binding protein G(I)/G(S)/G(T) subunit beta-1; AltName: Full=Transducin beta chain 1 >P54311.4 RecName: Full=Guanine nucleotide-binding protein G(I)/G(S)/G(T) subunit beta-1; AltName: Full=Transducin beta chain 1",14.981022,3.898352,4.563911,0.217884,0.132723,0,2.709205,2.091985,0.359558,"Phototransduction","K04536","GNB1","guanine nucleotide-binding protein G(I)/G(S)/G(T) subunit beta-1"
"g_49798",0,0,"P04464.3","RecName: Full=Calmodulin; Short=CaM",26.737332,14.852615,12.77174,0.429324,0.2246,0.140139,2.508376,5.321884,0.188492,"Phototransduction","K02183","CALM","calmodulin"
"g_49798",0,0,"P04464.3","RecName: Full=Calmodulin; Short=CaM",26.737332,14.852615,12.77174,0.429324,0.2246,0.140139,2.508376,5.321884,0.188492,"Phototransduction - fly","K02183","CALM","calmodulin"
"g_00005",0,0,"Q7FAS1.1","RecName: Full=Peroxisomal (S)-2-hydroxy-acid oxidase GLO3; AltName: Full=Glycolate oxidase 3; Short=GOX 3; Short=OsGLO3; AltName: Full=Short chain alpha-hydroxy acid oxidase GLO3 >B8AUI3.1 RecName: Full=Peroxisomal (S)-2-hydroxy-acid oxidase GLO3; AltName: Full=Glycolate oxidase 3; Short=GOX 3; Short=OsGLO3; AltName: Full=Short chain alpha-hydroxy acid oxidase GLO3",18.961999,4.942066,2.640825,0.06334,0.172952,0,0,0,0,"Peroxisome","K11517","HAO","(S)-2-hydroxy-acid oxidase"
"g_00063",0,0,"Q05493.1","RecName: Full=3-ketoacyl-CoA thiolase, peroxisomal; AltName: Full=Acetyl-CoA acyltransferase; AltName: Full=Beta-ketothiolase; AltName: Full=Peroxisomal 3-oxoacyl-CoA thiolase; Flags: Precursor",27.514109,8.568295,4.806892,0.195662,0.626807,0.837636,0.599615,0.21887,0.218792,"Peroxisome","K07513","ACAA1","acetyl-CoA acyltransferase 1"
"g_00166",0,1,"Q8VIK2.1","RecName: Full=Mpv17-like protein 2",4.480193,3.468474,2.838521,0,0,0,0.489729,0.112766,0.089678,"Peroxisome","K13348","MPV17","protein Mpv17"
"g_00483",0,0,"P43567.1","RecName: Full=Alanine--glyoxylate aminotransferase 1",25.09087,4.187157,4.305478,0,0,0,0,0.061837,0.061214,"Peroxisome","K00830","AGXT","alanine-glyoxylate transaminase / serine-glyoxylate transaminase / serine-pyruvate transaminase"
"g_00609",0,0,"Q9I1W8.1","RecName: Full=Catalase HPII",28.46383,17.554519,13.892754,1.082626,0.689768,1.560199,0.819383,0.660894,0.995783,"Peroxisome","K03781","katE, CAT, catB, srpA","catalase"
"g_01020",0,0,"P53164.1","RecName: Full=NADH pyrophosphatase",4.988537,6.166381,7.271165,0.160329,0,0,0,0,0,"Peroxisome","K03426","E3.6.1.22, NUDT12, nudC","NAD+ diphosphatase"
"g_01169",0,0,"Q99144.1","RecName: Full=Peroxisomal targeting signal receptor; Short=PTS1 receptor; Short=PTS1R; AltName: Full=Peroxin-5; AltName: Full=Peroxisomal protein PAY32",5.928994,2.124063,1.872797,0,0.057011,0.143451,0.169195,0,0.0517,"Peroxisome","K13342","PEX5, PXR1","peroxin-5"
"g_01891",0,0,"Q874C0.1","RecName: Full=Peroxisomal biogenesis factor 3; AltName: Full=Peroxin-3",10.849419,2.484497,1.554371,0,0.080496,0.274082,0.136493,0,0,"Peroxisome","K13336","PEX3","peroxin-3"
"g_02117",0,0,"O45218.1","RecName: Full=Alkyldihydroxyacetonephosphate synthase; Short=Alkyl-DHAP synthase; AltName: Full=Alkylglycerone-phosphate synthase",7.037786,9.617342,10.526939,0.079213,0.115072,0.272106,0.078936,0.064192,0.048251,"Peroxisome","K00803","AGPS, agpS","alkyldihydroxyacetonephosphate synthase"
"g_02345",0,0,"P07277.1","RecName: Full=Mevalonate kinase; Short=MK; Short=MvK; AltName: Full=Ergosterol biosynthesis protein 12; AltName: Full=Regulation of autonomous replication protein 1",7.571955,2.696205,2.459363,0,0.238832,0.273641,0.144831,0.057295,0,"Peroxisome","K00869","MVK, mvaK1","mevalonate kinase"
"g_02624",0,0,"Q9SRQ3.1","RecName: Full=Peroxisome biogenesis protein 19-1; AltName: Full=Peroxin-19-1; Short=AtPEX19-1; AltName: Full=Peroxisomal membrane protein import receptor PEX19-1; Flags: Precursor",7.885735,3.405564,1.346121,0,0.190509,0.16337,0,0,0,"Peroxisome","K13337","PEX19","peroxin-19"
"g_03598",0,0,"Q9HG09.1","RecName: Full=Peroxisomal membrane protein PEX14; AltName: Full=Peroxin-14",10.241783,3.423546,0.967191,0,0.119912,0.107731,0.106239,0,0.175102,"Peroxisome","K13343","PEX14","peroxin-14"
"g_04614",0,0,"P12617.2","RecName: Full=Malonyl-CoA decarboxylase, mitochondrial; Short=MCD; Flags: Precursor",4.387132,1.190119,1.693397,0.051995,0,0,1.059147,0.666386,0.136916,"Peroxisome","K01578","MLYCD","malonyl-CoA decarboxylase"
"g_04858",0,0,"P16100.5","RecName: Full=Isocitrate dehydrogenase",28.84399,17.505285,17.058132,63.674576,62.183434,55.591459,82.504269,21.316468,32.595499,"Peroxisome","K00031","IDH1, IDH2, icd","isocitrate dehydrogenase"
"g_05300",0,0,"P16100.5","RecName: Full=Isocitrate dehydrogenase",13.839244,8.114395,6.170252,24.111161,20.509874,20.617753,18.809404,6.651188,7.681625,"Peroxisome","K00031","IDH1, IDH2, icd","isocitrate dehydrogenase"
"g_05361",0,0,"P47141.1","RecName: Full=37S ribosomal protein S26, mitochondrial; AltName: Full=Mitochondrial small ribosomal subunit protein mS42",11.077864,3.956678,4.335281,0,0,0.048284,0.230897,0,0,"Peroxisome","K04564","SOD2","superoxide dismutase, Fe-Mn family"
"g_05368",0,0,"P39518.1","RecName: Full=Long-chain-fatty-acid--CoA ligase 2; AltName: Full=Fatty acid activator 2; AltName: Full=Long-chain acyl-CoA synthetase 2",3.621465,3.293987,3.791172,0.047358,0.235889,0.744103,0.074569,0.723052,0.169365,"Peroxisome","K01897","ACSL, fadD","long-chain acyl-CoA synthetase"
"g_05798",0,0,"P32573.4","RecName: Full=Peroxisomal 2,4-dienoyl-CoA reductase SPS19; AltName: Full=Sporulation-specific protein SPX19",10.317264,4.855945,2.285116,1.182425,0.179837,1.088107,1.385197,0.231758,1.162739,"Peroxisome","K13237","DECR2, SPS19","2,4-dienoyl-CoA reductase [(3E)-enoyl-CoA-producing], peroxisomal"
"g_06063",0,0,"A4IF87.1","RecName: Full=Dihydroxyacetone phosphate acyltransferase; Short=DAP-AT; Short=DHAP-AT; AltName: Full=Acyl-CoA:dihydroxyacetonephosphateacyltransferase; AltName: Full=Glycerone-phosphate O-acyltransferase",7.206448,3.580754,3.731913,0.098972,0.021627,0.033525,0.851364,1.196572,0.051508,"Peroxisome","K00649","GNPAT","glyceronephosphate O-acyltransferase"
"g_07918",0,0,"P80235.2","RecName: Full=Putative mitochondrial carnitine O-acetyltransferase",181.16094,103.695111,85.754042,2.350195,2.641777,2.197355,2.088369,1.481169,1.714165,"Peroxisome","K00624","E2.3.1.7","carnitine O-acetyltransferase"
"g_08257",0,0,"P28764.1","RecName: Full=Superoxide dismutase",6.206959,2.0862,3.003954,0.087322,0,0.435971,0,0.063805,0.212012,"Peroxisome","K04564","SOD2","superoxide dismutase, Fe-Mn family"
"g_08361",0,0,"Q6AUV1.1","RecName: Full=Xanthine dehydrogenase",6.319629,2.36416,2.214291,0,0.013064,0.081427,0.96406,0.605546,0.021084,"Peroxisome","K00106","XDH","xanthine dehydrogenase/oxidase"
"g_08724",0,0,"Q9RUV2.3","RecName: Full=Superoxide dismutase",3.09363,7.342192,7.997984,0,0.129258,0,0.11257,0,0,"Peroxisome","K04564","SOD2","superoxide dismutase, Fe-Mn family"
"g_08877",0,1,"P41909.2","RecName: Full=Peroxisomal long-chain fatty acid import protein 2; AltName: Full=Peroxisomal ABC transporter 1",8.118434,3.525712,1.653085,0.372718,0.399577,0.921337,0.638926,0.287205,0.491476,"Peroxisome","K15628","PXA","ATP-binding cassette, subfamily D (ALD), peroxisomal long-chain fatty acid import protein"
"g_09394",0,0,"O14313.2","RecName: Full=Peroxisomal membrane associated protein 20; AltName: Full=Peroxiredoxin homolog pmp20; Short=Prx",18.759935,5.55292,2.628778,0,0,0,0,0,0,"Peroxisome","K11187","PRDX5","peroxiredoxin 5"
"g_10061",1,0,"P81926.2","RecName: Full=Superoxide dismutase",140.32729,227.613197,206.888299,48.663875,32.069938,54.629296,51.510917,69.803428,43.753863,"Peroxisome","K04565","SOD1","superoxide dismutase, Cu-Zn family"
"g_10295",0,0,"O74935.1","RecName: Full=Acyl-coenzyme A oxidase 2; Short=Acyl-CoA oxidase 2",12.037736,3.553654,1.822706,0.713185,0.396412,1.225831,1.61307,0.770299,0.913545,"Peroxisome","K00232","E1.3.3.6, ACOX1, ACOX3","acyl-CoA oxidase"
"g_10322",0,0,"P99029.2","RecName: Full=Peroxiredoxin-5, mitochondrial; AltName: Full=Antioxidant enzyme B166; Short=AOEB166; AltName: Full=Liver tissue 2D-page spot 2D-0014IV; AltName: Full=PLP; AltName: Full=Peroxiredoxin V; Short=Prx-V; AltName: Full=Peroxisomal antioxidant enzyme; AltName: Full=Thioredoxin peroxidase PMP20; Flags: Precursor",5.875313,6.715648,5.858895,0,0,0.171496,0,0.151112,0.13523,"Peroxisome","K11187","PRDX5","peroxiredoxin 5"
"g_10468",0,0,"P30624.1","RecName: Full=Long-chain-fatty-acid--CoA ligase 1; AltName: Full=Fatty acid activator 1; AltName: Full=Long-chain acyl-CoA synthetase 1",61.482546,68.379173,71.343616,0.861211,0.630831,1.040384,0.856736,0.749022,0.478368,"Peroxisome","K01897","ACSL, fadD","long-chain acyl-CoA synthetase"
"g_10576",0,0,"P32796.2","RecName: Full=Carnitine O-acetyltransferase, mitochondrial; Short=Carnitine acetylase; Flags: Precursor",42.546989,40.689915,39.225184,0.643801,1.144323,0.944361,0.927107,0.384039,0.596023,"Peroxisome","K00624","E2.3.1.7","carnitine O-acetyltransferase"
"g_10731",0,1,"P41909.2","RecName: Full=Peroxisomal long-chain fatty acid import protein 2; AltName: Full=Peroxisomal ABC transporter 1",9.562518,0.956828,0.436168,0.016434,0,0.016918,0.074591,0.098483,0.030885,"Peroxisome","K15628","PXA","ATP-binding cassette, subfamily D (ALD), peroxisomal long-chain fatty acid import protein"
"g_11234",0,0,"P16100.5","RecName: Full=Isocitrate dehydrogenase",4.305634,5.784904,6.597174,0.31846,1.088874,0.352431,0.325257,0.251632,0.202461,"Peroxisome","K00031","IDH1, IDH2, icd","isocitrate dehydrogenase"
"g_11410",0,1,"Q8T8P3.1","RecName: Full=ABC transporter D family member 2; AltName: Full=ABC transporter ABCD.2",5.256477,2.888642,2.913376,0.01625,0.033685,0,0.620474,0.746195,0.187301,"Peroxisome","K05677","ABCD3, PMP70","ATP-binding cassette, subfamily D (ALD), member 3"
"g_11665",0,0,"P39518.1","RecName: Full=Long-chain-fatty-acid--CoA ligase 2; AltName: Full=Fatty acid activator 2; AltName: Full=Long-chain acyl-CoA synthetase 2",20.69736,6.53613,2.555064,0.862218,1.796233,2.757269,2.382992,2.395424,1.552281,"Peroxisome","K01897","ACSL, fadD","long-chain acyl-CoA synthetase"
"g_11849",0,0,"P80235.2","RecName: Full=Putative mitochondrial carnitine O-acetyltransferase",133.942487,39.515808,37.172767,0.07463,0.129829,0.257402,0.168086,0.145523,0.288237,"Peroxisome","K00624","E2.3.1.7","carnitine O-acetyltransferase"
"g_11900",0,1,"Q94FB9.1","RecName: Full=ABC transporter D family member 1; Short=ABC transporter ABCD.1; Short=AtABCD1; AltName: Full=Peroxisomal ABC transporter 1; Short=AtPXA1; AltName: Full=Protein ACETATE NON-UTILIZING 2; AltName: Full=Protein COMATOSE; AltName: Full=Protein PEROXISOME DEFECTIVE 3; Short=Ped3p",10.848143,4.567008,5.626607,0.076786,0,0,0.929593,1.677654,0.115802,"Peroxisome","K05677","ABCD3, PMP70","ATP-binding cassette, subfamily D (ALD), member 3"
"g_12045",0,1,"P34230.1","RecName: Full=Peroxisomal long-chain fatty acid import protein 1; AltName: Full=Peroxisomal ABC transporter 2",11.072438,4.108468,2.903664,0.469947,0.240662,0.79803,0.615887,0.389515,0.351684,"Peroxisome","K15628","PXA","ATP-binding cassette, subfamily D (ALD), peroxisomal long-chain fatty acid import protein"
"g_12145",0,0,"P47912.1","RecName: Full=Long-chain-fatty-acid--CoA ligase 4; AltName: Full=Fatty acid activator 4; AltName: Full=Long-chain acyl-CoA synthetase 4",20.010136,3.884885,2.28585,0.067464,0.292014,0.528035,0.299886,0.120313,0.164611,"Peroxisome","K01897","ACSL, fadD","long-chain acyl-CoA synthetase"
"g_12662",0,0,"O74935.1","RecName: Full=Acyl-coenzyme A oxidase 2; Short=Acyl-CoA oxidase 2",51.352342,25.136865,16.338715,0.611039,0.352066,1.736219,0.591285,0.395488,0.501298,"Peroxisome","K00232","E1.3.3.6, ACOX1, ACOX3","acyl-CoA oxidase"
"g_13179",0,0,"O64894.1","RecName: Full=Acyl-coenzyme A oxidase, peroxisomal; Short=AOX; AltName: Full=Long-chain acyl-CoA oxidase; Flags: Precursor",108.950877,165.100011,195.432235,0.353207,0.867505,2.045353,0.891972,0.824458,0.787085,"Peroxisome","K00232","E1.3.3.6, ACOX1, ACOX3","acyl-CoA oxidase"
"g_13273",0,0,"O74711.2","RecName: Full=Peroxisomal targeting signal receptor; Short=PTS1 receptor; Short=PTS1R; AltName: Full=Peroxin-5",4.838717,2.549308,3.35157,0.248881,0,0.117023,0.145306,0.047046,0.025198,"Peroxisome","K13342","PEX5, PXR1","peroxin-5"
"g_13533",0,0,"O81027.2","RecName: Full=Hydroxymethylglutaryl-CoA lyase, mitochondrial; Short=HL; Short=HMG-CoA lyase; AltName: Full=3-hydroxy-3-methylglutarate-CoA lyase",5.509814,3.764267,4.810584,0,0,0,2.14651,1.438434,0.054025,"Peroxisome","K01640","HMGCL, hmgL","hydroxymethylglutaryl-CoA lyase"
"g_14259",0,0,"Q99144.1","RecName: Full=Peroxisomal targeting signal receptor; Short=PTS1 receptor; Short=PTS1R; AltName: Full=Peroxin-5; AltName: Full=Peroxisomal protein PAY32",14.265529,4.306692,1.649975,0.101505,0.211169,0.484352,0.117356,0.333758,0.124916,"Peroxisome","K13342","PEX5, PXR1","peroxin-5"
"g_14706",0,0,"O64894.1","RecName: Full=Acyl-coenzyme A oxidase, peroxisomal; Short=AOX; AltName: Full=Long-chain acyl-CoA oxidase; Flags: Precursor",5.57157,2.59859,3.596894,0.147721,0,0.133881,0.860343,0.900351,0.08496,"Peroxisome","K00232","E1.3.3.6, ACOX1, ACOX3","acyl-CoA oxidase"
"g_15254",0,0,"P43567.1","RecName: Full=Alanine--glyoxylate aminotransferase 1",4.845931,2.807503,3.991755,0.121907,0.077512,0.193857,0.092751,0.07692,0.331184,"Peroxisome","K00830","AGXT","alanine-glyoxylate transaminase / serine-glyoxylate transaminase / serine-pyruvate transaminase"
"g_15388",0,0,"P78980.1","RecName: Full=Peroxisomal membrane protein PEX16; AltName: Full=Peroxin-16",9.665874,3.154638,1.855271,0.145805,0.061523,0.162505,0.039387,0,0.220787,"Peroxisome","K13335","PEX16","peroxin-16"
"g_15842",0,0,"O13289.5","RecName: Full=Peroxisomal catalase",57.775963,46.618104,52.130753,0.517547,0.410171,0.210597,0.54782,0.04438,0.199587,"Peroxisome","K03781","katE, CAT, catB, srpA","catalase"
"g_16957",0,1,"Q8HXQ3.3","RecName: Full=Superoxide dismutase",24.037798,13.722319,12.946158,0.061327,0,0.104199,2.614049,2.715605,0.176788,"Peroxisome","K04565","SOD1","superoxide dismutase, Cu-Zn family"
"g_16983",0,0,"P43567.1","RecName: Full=Alanine--glyoxylate aminotransferase 1",10.924833,10.822073,12.48032,0.026137,0.142609,0.038377,0.028661,0.138119,0.374091,"Peroxisome","K00830","AGXT","alanine-glyoxylate transaminase / serine-glyoxylate transaminase / serine-pyruvate transaminase"
"g_17118",0,0,NA,NA,7.843471,7.88815,7.64729,0,0.048559,0.466683,3.246607,4.08238,0.351116,"Peroxisome","K13352","PEX11B","peroxin-11B"
"g_17359",0,1,"Q00319.1","RecName: Full=Peroxisomal membrane protein PMP47B",26.725743,7.345933,3.602875,0.437691,0.117096,0.498208,0.200232,0.098352,0.288946,"Peroxisome","K13354","SLC25A17, PMP34","solute carrier family 25 (peroxisomal adenine nucleotide transporter), member 17"
"g_17610",0,0,"P55096.2","RecName: Full=ATP-binding cassette sub-family D member 3; AltName: Full=68 kDa peroxisomal membrane protein; Short=PMP68; AltName: Full=70 kDa peroxisomal membrane protein; Short=PMP70",5.781461,2.929901,4.232473,0.184651,0,0,0.409579,0.637436,0,"Peroxisome","K05677","ABCD3, PMP70","ATP-binding cassette, subfamily D (ALD), member 3"
"g_17924",0,1,"Q00319.1","RecName: Full=Peroxisomal membrane protein PMP47B",4.202673,8.820092,5.043068,0.173069,0.230992,0.191432,0.086248,0.146715,0,"Peroxisome","K13354","SLC25A17, PMP34","solute carrier family 25 (peroxisomal adenine nucleotide transporter), member 17"
"g_18297",0,0,"Q05871.1","RecName: Full=3,2-trans-enoyl-CoA isomerase; AltName: Full=Delta(3),Delta(2)-enoyl-CoA isomerase; Short=D3,D2-enoyl-CoA isomerase; AltName: Full=Dodecenoyl-CoA isomerase",18.294502,3.725428,1.756948,0.893179,0.243923,1.787186,1.22943,0.809615,1.499614,"Peroxisome","K13239","ECI2, PECI","Delta3-Delta2-enoyl-CoA isomerase"
"g_18735",0,0,"P16100.5","RecName: Full=Isocitrate dehydrogenase",0.912204,4.649975,2.35836,0.210375,0.907409,0.140698,0.249853,0.36546,0.508065,"Peroxisome","K00031","IDH1, IDH2, icd","isocitrate dehydrogenase"
"g_19213",0,0,"O13401.1","RecName: Full=Superoxide dismutase",92.961721,34.565941,27.193688,0,0.467187,0.825594,0.260726,0.208779,0,"Peroxisome","K04564","SOD2","superoxide dismutase, Fe-Mn family"
"g_19881",0,1,"Q59094.1","RecName: Full=Superoxide dismutase",2.103395,11.308483,9.565556,0.084979,0.43364,0,0,0.191004,0,"Peroxisome","K04564","SOD2","superoxide dismutase, Fe-Mn family"
"g_19972",0,1,"Q54GD8.1","RecName: Full=PXMP2/4 family protein 3; Flags: Precursor",8.805803,4.5469,4.645572,0,0.335257,0.328239,1.651991,2.006506,0,"Peroxisome","K13347","PXMP2, PMP22","peroxisomal membrane protein 2"
"g_20050",1,1,"P19665.2","RecName: Full=Superoxide dismutase",2.291333,4.458645,4.964497,1.025306,0.258212,1.103626,0.702819,0.30679,0.460439,"Peroxisome","K04564","SOD2","superoxide dismutase, Fe-Mn family"
"g_20150",0,0,"Q6BQZ1.1","RecName: Full=Probable superoxide dismutase",39.117175,74.554166,73.993762,0.063536,0.182153,0.881208,0.843916,0.881263,1.023777,"Peroxisome","K04564","SOD2","superoxide dismutase, Fe-Mn family"
"g_20407",0,0,"Q9R063.1","RecName: Full=Peroxiredoxin-5, mitochondrial; AltName: Full=Antioxidant enzyme B166; Short=AOEB166; AltName: Full=PLP; AltName: Full=Peroxiredoxin V; Short=Prx-V; AltName: Full=Peroxisomal antioxidant enzyme; AltName: Full=Thioredoxin peroxidase PMP20; Flags: Precursor",36.113235,23.426586,22.245294,0.106603,0,0,3.813038,6.29788,0.412782,"Peroxisome","K11187","PRDX5","peroxiredoxin 5"
"g_20442",0,0,"P40017.1","RecName: Full=Carnitine O-acetyltransferase YAT2",47.999863,26.432194,17.603569,1.315498,1.144628,1.613339,1.22498,0.731805,0.905336,"Peroxisome","K00624","E2.3.1.7","carnitine O-acetyltransferase"
"g_20959",0,0,"P37369.2","RecName: Full=Superoxide dismutase",0.866646,2.669695,3.778768,0.807197,0.095669,0.160387,0.537707,0.263284,0.13251,"Peroxisome","K04564","SOD2","superoxide dismutase, Fe-Mn family"
"g_21189",0,0,"Q55DR6.1","RecName: Full=Fatty acyl-CoA synthetase A; AltName: Full=Long chain fatty acyl coenzyme A-synthetase 1; Short=LC-FACS 1; AltName: Full=Long-chain-fatty-acid--CoA synthetase 1",5.340973,3.992798,3.803771,0.269673,0.017413,0.055153,1.643932,1.548593,0.284116,"Peroxisome","K01897","ACSL, fadD","long-chain acyl-CoA synthetase"
"g_21434",0,0,"Q8LKS5.2","RecName: Full=Long chain acyl-CoA synthetase 7, peroxisomal",2.358902,3.774995,3.125158,0.081825,0.282864,0.174538,0.080969,0.129434,0.217515,"Peroxisome","K01897","ACSL, fadD","long-chain acyl-CoA synthetase"
"g_21484",0,0,"O60135.1","RecName: Full=Long-chain-fatty-acid--CoA ligase 1; AltName: Full=Fatty acid activator 1; AltName: Full=Long-chain acyl-CoA synthetase 1",20.201321,9.102715,8.708254,0,0,0.114606,1.232144,1.190411,0.070931,"Peroxisome","K01897","ACSL, fadD","long-chain acyl-CoA synthetase"
"g_22210",0,0,"P39518.1","RecName: Full=Long-chain-fatty-acid--CoA ligase 2; AltName: Full=Fatty acid activator 2; AltName: Full=Long-chain acyl-CoA synthetase 2",53.756857,27.099068,13.267848,6.335971,3.37278,9.544192,8.722367,5.89735,5.385676,"Peroxisome","K01897","ACSL, fadD","long-chain acyl-CoA synthetase"
"g_22482",0,0,"Q00614.1","RecName: Full=Carnitine O-acetyltransferase, mitochondrial; Short=Carnitine acetylase; Flags: Precursor",24.373353,7.345554,5.630959,0.054694,0.166161,0.274411,0.117939,0.045505,0.029733,"Peroxisome","K00624","E2.3.1.7","carnitine O-acetyltransferase"
"g_22981",0,0,"Q00614.1","RecName: Full=Carnitine O-acetyltransferase, mitochondrial; Short=Carnitine acetylase; Flags: Precursor",56.504425,19.795488,14.537907,0,0.02428,0.186626,0.0367,0.071926,0.0141,"Peroxisome","K00624","E2.3.1.7","carnitine O-acetyltransferase"
"g_24161",1,0,"A4VLQ5.1","RecName: Full=NADH pyrophosphatase",1.521777,1.12185,0.948834,3.010589,3.769975,2.641747,2.892088,1.950498,3.022832,"Peroxisome","K03426","E3.6.1.22, NUDT12, nudC","NAD+ diphosphatase"
"g_24668",0,1,"O43808.1","RecName: Full=Peroxisomal membrane protein PMP34; AltName: Full=34 kDa peroxisomal membrane protein; AltName: Full=Solute carrier family 25 member 17",8.479808,4.094589,1.762404,0.02324,0.065653,0.03925,0.870687,1.306437,0.028097,"Peroxisome","K13354","SLC25A17, PMP34","solute carrier family 25 (peroxisomal adenine nucleotide transporter), member 17"
"g_24677",0,1,"O13289.5","RecName: Full=Peroxisomal catalase",42.175095,12.018855,5.474682,0.427447,0.078005,0.85489,0.359615,0.386534,0.484979,"Peroxisome","K03781","katE, CAT, catB, srpA","catalase"
"g_24703",0,0,"Q9ZN99.2","RecName: Full=Catalase",5.299882,9.612671,11.743806,1.95343,1.694553,0.687996,0.692438,1.583122,0.408946,"Peroxisome","K03781","katE, CAT, catB, srpA","catalase"
"g_25063",0,0,"O13289.5","RecName: Full=Peroxisomal catalase",4.582169,6.617971,5.473204,0,0.054869,0,0,0.057021,0,"Peroxisome","K03781","katE, CAT, catB, srpA","catalase"
"g_25119",0,0,"Q9Y7J0.1","RecName: Full=Probable NADH pyrophosphatase",13.265158,4.832618,2.629078,0,0.119234,0.202298,0.026483,0.062787,0.024972,"Peroxisome","K03426","E3.6.1.22, NUDT12, nudC","NAD+ diphosphatase"
"g_25438",0,0,"Q8XDR6.1","RecName: Full=Long-chain-fatty-acid--CoA ligase; AltName: Full=Long-chain acyl-CoA synthetase; Short=Acyl-CoA synthetase",4.49693,4.041988,4.819341,0.129535,0.028938,0.119715,0.169632,0.060346,0,"Peroxisome","K01897","ACSL, fadD","long-chain acyl-CoA synthetase"
"g_25474",0,0,"P27796.1","RecName: Full=3-ketoacyl-CoA thiolase, peroxisomal; AltName: Full=Acetyl-CoA acyltransferase; AltName: Full=Beta-ketothiolase; AltName: Full=Peroxisomal 3-oxoacyl-CoA thiolase; Flags: Precursor",25.421406,8.529424,4.794497,1.686275,1.447978,3.363593,1.969267,2.194397,1.249722,"Peroxisome","K07513","ACAA1","acetyl-CoA acyltransferase 1"
"g_25529",0,0,"O13294.3","RecName: Full=Isocitrate dehydrogenase",174.691171,41.285011,37.030012,0.208163,0.355047,0.43908,0.110786,0,0,"Peroxisome","K00031","IDH1, IDH2, icd","isocitrate dehydrogenase"
"g_25936",0,1,"P39994.1","RecName: Full=Putative 2-hydroxyacyl-CoA lyase",3.617727,3.650418,1.824569,0.144726,0.147726,0,0,0.033991,0.037337,"Peroxisome","K12261","HACL1","2-hydroxyacyl-CoA lyase"
"g_26710",0,1,"O93724.2","RecName: Full=Superoxide dismutase",5.3414,11.732652,8.360128,0.097673,0.859241,0.580528,0.834736,0.721183,1.377121,"Peroxisome","K04564","SOD2","superoxide dismutase, Fe-Mn family"
"g_27030",0,0,"P12617.2","RecName: Full=Malonyl-CoA decarboxylase, mitochondrial; Short=MCD; Flags: Precursor",3.901327,7.107521,5.552002,0.684059,0.89505,1.142276,1.032113,0.624622,0.354723,"Peroxisome","K01578","MLYCD","malonyl-CoA decarboxylase"
"g_29269",0,0,"Q6FWL5.3","RecName: Full=Superoxide dismutase",46.145574,29.710071,31.076552,0.187748,0.693824,1.413963,1.815741,0.962184,0.525178,"Peroxisome","K04565","SOD1","superoxide dismutase, Cu-Zn family"
"g_29329",0,1,"P31108.1","RecName: Full=Superoxide dismutase",88.981948,35.369577,42.45229,0.793073,0.567636,0.677902,18.433318,15.009973,2.212254,"Peroxisome","K04564","SOD2","superoxide dismutase, Fe-Mn family"
"g_29357",0,0,"Q756A9.2","RecName: Full=Acyl-coenzyme A oxidase; Short=Acyl-CoA oxidase",41.96391,21.574376,10.360373,1.872022,1.622898,2.629559,2.281327,2.266125,1.39138,"Peroxisome","K00232","E1.3.3.6, ACOX1, ACOX3","acyl-CoA oxidase"
"g_29375",0,0,"P28760.2","RecName: Full=Superoxide dismutase",2.996415,5.88746,3.518792,0.083161,0.119492,0,0,0.124179,0,"Peroxisome","K04564","SOD2","superoxide dismutase, Fe-Mn family"
"g_30284",0,0,"Q8LPS1.1","RecName: Full=Long chain acyl-CoA synthetase 6, peroxisomal; Flags: Precursor",5.939023,3.358095,4.045566,0.205111,0,0.009543,0.698747,0.840444,0.326864,"Peroxisome","K01897","ACSL, fadD","long-chain acyl-CoA synthetase"
"g_30613",0,0,"Q8LPS1.1","RecName: Full=Long chain acyl-CoA synthetase 6, peroxisomal; Flags: Precursor",25.951161,9.224697,4.711051,0.221615,0.314678,0.393485,0.553481,0.216378,0.308618,"Peroxisome","K01897","ACSL, fadD","long-chain acyl-CoA synthetase"
"g_30754",0,0,"P47912.1","RecName: Full=Long-chain-fatty-acid--CoA ligase 4; AltName: Full=Fatty acid activator 4; AltName: Full=Long-chain acyl-CoA synthetase 4",42.919788,9.664751,5.988094,0.366403,0.266824,0.708883,0.316395,0.209182,0.332884,"Peroxisome","K01897","ACSL, fadD","long-chain acyl-CoA synthetase"
"g_31287",0,0,"Q8C0I1.1","RecName: Full=Alkyldihydroxyacetonephosphate synthase, peroxisomal; Short=Alkyl-DHAP synthase; AltName: Full=Alkylglycerone-phosphate synthase; Flags: Precursor",7.485703,3.984319,4.311126,0,0,0.223788,1.236449,2.073176,0.121138,"Peroxisome","K00803","AGPS, agpS","alkyldihydroxyacetonephosphate synthase"
"g_32766",0,1,"O43808.1","RecName: Full=Peroxisomal membrane protein PMP34; AltName: Full=34 kDa peroxisomal membrane protein; AltName: Full=Solute carrier family 25 member 17",4.366107,2.420544,3.656651,0.104173,0,0,1.344255,1.343111,0,"Peroxisome","K13354","SLC25A17, PMP34","solute carrier family 25 (peroxisomal adenine nucleotide transporter), member 17"
"g_33213",0,0,"Q8XDR6.1","RecName: Full=Long-chain-fatty-acid--CoA ligase; AltName: Full=Long-chain acyl-CoA synthetase; Short=Acyl-CoA synthetase",7.688847,8.435341,8.225659,0.122598,0.039062,0.321199,0.379973,0.063387,0.387743,"Peroxisome","K01897","ACSL, fadD","long-chain acyl-CoA synthetase"
"g_33322",0,0,"Q9Y7M1.1","RecName: Full=Putative 2-hydroxyacyl-CoA lyase",3.619547,8.509559,6.54685,0,0,0,0.029056,0,0.09163,"Peroxisome","K12261","HACL1","2-hydroxyacyl-CoA lyase"
"g_33406",0,0,"O77229.2","RecName: Full=Catalase-A",17.98581,9.073905,10.644104,0.164201,0.150253,0.135385,4.253797,4.932609,0.41838,"Peroxisome","K03781","katE, CAT, catB, srpA","catalase"
"g_33541",0,0,"Q9P0Z9.2","RecName: Full=Peroxisomal sarcosine oxidase; Short=PSO; AltName: Full=L-pipecolate oxidase; AltName: Full=L-pipecolic acid oxidase",6.524555,2.418202,3.033359,0.20438,0.02431,0,1.607577,1.152377,0.050159,"Peroxisome","K00306","PIPOX","sarcosine oxidase / L-pipecolate oxidase"
"g_33629",0,0,"O13285.1","RecName: Full=Isocitrate dehydrogenase",6.327125,10.075369,9.934883,0,0,0.103665,0.049529,0.219077,0.042205,"Peroxisome","K00031","IDH1, IDH2, icd","isocitrate dehydrogenase"
"g_33650",0,0,"P54071.3","RecName: Full=Isocitrate dehydrogenase",76.612577,48.354872,48.934044,0.941962,0.512773,0.678158,13.52286,15.561003,1.688525,"Peroxisome","K00031","IDH1, IDH2, icd","isocitrate dehydrogenase"
"g_33668",0,0,"P53641.3","RecName: Full=Superoxide dismutase",42.980673,44.324822,39.186852,0.520748,2.069249,1.253276,1.729149,0.760877,1.04556,"Peroxisome","K04564","SOD2","superoxide dismutase, Fe-Mn family"
"g_34059",0,1,"Q01497.1","RecName: Full=Peroxisomal biogenesis factor 3; AltName: Full=Peroxin-3; AltName: Full=Peroxisomal membrane protein PER9",5.228248,3.72877,4.296398,0.106545,0.325616,0.385635,0.223937,0.297067,0.026261,"Peroxisome","K13336","PEX3","peroxin-3"
"g_34161",0,0,NA,NA,2.814383,10.43926,10.781836,0.762252,0.53591,0.619516,0.675086,1.521673,1.02554,"Peroxisome","K00869","MVK, mvaK1","mevalonate kinase"
"g_34528",0,0,"O13285.1","RecName: Full=Isocitrate dehydrogenase",101.991727,23.082555,19.967603,0.131745,0.328405,0.306158,0.329768,0.052221,0.032142,"Peroxisome","K00031","IDH1, IDH2, icd","isocitrate dehydrogenase"
"g_34569",0,0,"Q02NB5.1","RecName: Full=Isocitrate dehydrogenase",44.67632,31.228352,26.770603,1.536555,2.438531,1.14167,1.14151,0.696753,0.839102,"Peroxisome","K00031","IDH1, IDH2, icd","isocitrate dehydrogenase"
"g_34655",0,0,"Q02NB5.1","RecName: Full=Isocitrate dehydrogenase",23.063627,21.690469,24.146982,418.149989,427.091574,523.185857,356.239598,269.404962,334.421353,"Peroxisome","K00031","IDH1, IDH2, icd","isocitrate dehydrogenase"
"g_35106",0,0,"P41561.3","RecName: Full=Isocitrate dehydrogenase",1.408174,4.611612,5.89071,0.492878,0.976914,0.113865,0.195702,1.135018,0.392611,"Peroxisome","K00031","IDH1, IDH2, icd","isocitrate dehydrogenase"
"g_35637",0,0,"P0CZ23.1","RecName: Full=Acyl-coenzyme A oxidase 3, peroxisomal; Short=AOX 3; Short=Acyl-CoA oxidase 3; AltName: Full=Medium-chain acyl-CoA oxidase; Short=AtCX3; Flags: Precursor",4.16494,2.107371,3.620777,0,0,0.095569,0.955362,1.396503,0,"Peroxisome","K00232","E1.3.3.6, ACOX1, ACOX3","acyl-CoA oxidase"
"g_35827",0,0,"Q9HG09.1","RecName: Full=Peroxisomal membrane protein PEX14; AltName: Full=Peroxin-14",5.726436,2.594652,1.990966,0.504406,0.072009,0.188292,0.300677,0.145824,0.336162,"Peroxisome","K13343","PEX14","peroxin-14"
"g_35912",0,1,"P10662.2","RecName: Full=37S ribosomal protein MRP1, mitochondrial; AltName: Full=Mitochondrial small ribosomal subunit protein mS43; Flags: Precursor",14.834579,4.660496,5.890231,0.275381,0.082981,0.472154,0,0,0.206874,"Peroxisome","K04564","SOD2","superoxide dismutase, Fe-Mn family"
"g_37594",1,0,"P0C0F9.1","RecName: Full=Superoxide dismutase",76.008609,102.354651,78.764601,230.416069,230.611673,160.950002,149.972437,166.981741,67.372045,"Peroxisome","K04564","SOD2","superoxide dismutase, Fe-Mn family"
"g_40631",0,0,"P08200.1","RecName: Full=Isocitrate dehydrogenase",2.296492,2.791986,3.17062,4.952995,6.885584,2.900181,1.964632,3.105273,1.94252,"Peroxisome","K00031","IDH1, IDH2, icd","isocitrate dehydrogenase"
"g_41727",1,0,"P19665.2","RecName: Full=Superoxide dismutase",4.345328,9.738553,10.529756,1.663848,2.786224,0.850968,0.924962,2.681801,2.015358,"Peroxisome","K04564","SOD2","superoxide dismutase, Fe-Mn family"
"g_41985",0,0,"Q9RUV2.3","RecName: Full=Superoxide dismutase",88.51922,163.638073,225.939181,1852.313693,2007.431321,1745.861174,2833.028667,1488.565046,440.349277,"Peroxisome","K04564","SOD2","superoxide dismutase, Fe-Mn family"
"g_43402",0,0,"P44446.1","RecName: Full=Putative long-chain-fatty-acid--CoA ligase; AltName: Full=Long-chain acyl-CoA synthetase; Short=LACS",15.652891,41.629723,28.121057,3.629049,6.840444,4.268437,3.153257,3.644887,2.862067,"Peroxisome","K01897","ACSL, fadD","long-chain acyl-CoA synthetase"
"g_43798",0,0,"Q7TYX8.2","RecName: Full=Long-chain-fatty-acid--CoA ligase FadD15; Short=FACL; AltName: Full=Acyl-CoA synthetase",24.797319,30.445317,36.868198,0.805253,0.260931,1.917243,0.600348,0.651959,0.336492,"Peroxisome","K01897","ACSL, fadD","long-chain acyl-CoA synthetase"
"g_43873",0,0,"A4VLQ5.1","RecName: Full=NADH pyrophosphatase",1.565851,0.48496,0.528323,3.505658,3.504291,1.715951,1.190125,1.535504,2.236572,"Peroxisome","K03426","E3.6.1.22, NUDT12, nudC","NAD+ diphosphatase"
"g_43906",0,0,"P16100.5","RecName: Full=Isocitrate dehydrogenase",3.012277,0.254213,0.380347,3.188243,3.11091,2.193759,2.173088,2.529427,1.428326,"Peroxisome","K00031","IDH1, IDH2, icd","isocitrate dehydrogenase"
"g_44037",0,0,"O13289.5","RecName: Full=Peroxisomal catalase",60.69244,32.804809,23.98857,1.313973,1.597928,2.461614,2.053906,1.448237,1.587139,"Peroxisome","K03781","katE, CAT, catB, srpA","catalase"
"g_44193",0,0,"P94547.1","RecName: Full=Long-chain-fatty-acid--CoA ligase; AltName: Full=Long-chain acyl-CoA synthetase",71.593742,123.104933,142.075332,0.272095,0.498082,1.784392,0.380473,0.368675,0.174392,"Peroxisome","K01897","ACSL, fadD","long-chain acyl-CoA synthetase"
"g_44278",0,0,"Q5JJC6.1","RecName: Full=Mevalonate kinase; Short=MK; Short=MVK",22.641777,23.883646,25.843781,0.317541,0.156087,1.817401,0.645283,0.418394,0.388885,"Peroxisome","K00869","MVK, mvaK1","mevalonate kinase"
"g_44337",0,0,NA,NA,85.096246,325.823313,262.722049,31.559076,26.584754,25.946824,27.251008,32.130539,23.547402,"Peroxisome","K00869","MVK, mvaK1","mevalonate kinase"
"g_44404",0,0,"Q59635.1","RecName: Full=Catalase; AltName: Full=Paraquat-inducible catalase isozyme B; Flags: Precursor",1.770148,0.927044,0.505051,2.438678,2.433878,1.828586,1.43147,1.528151,2.636029,"Peroxisome","K03781","katE, CAT, catB, srpA","catalase"
"g_44437",0,0,"P0AGD2.1","RecName: Full=Superoxide dismutase",5.819606,1.395493,2.267505,10.585109,8.104173,27.748477,23.986103,21.028064,26.900383,"Peroxisome","K04565","SOD1","superoxide dismutase, Cu-Zn family"
"g_44597",0,0,"P24702.2","RecName: Full=Superoxide dismutase",74.315982,125.665097,149.622151,0.690152,0.959575,3.215574,1.106325,0.67649,0.60395,"Peroxisome","K04565","SOD1","superoxide dismutase, Cu-Zn family"
"g_45267",0,0,"C5D6U5.1","RecName: Full=2-succinylbenzoate--CoA ligase; AltName: Full=o-succinylbenzoyl-CoA synthetase; Short=OSB-CoA synthetase",0.13946,0.204434,0.270362,1.516069,0.902473,2.668971,1.221123,2.385505,3.816534,"Peroxisome","K01897","ACSL, fadD","long-chain acyl-CoA synthetase"
"g_45855",0,0,"Q8XDR6.1","RecName: Full=Long-chain-fatty-acid--CoA ligase; AltName: Full=Long-chain acyl-CoA synthetase; Short=Acyl-CoA synthetase",1.041951,0.972807,0.625801,3.148299,2.113945,1.909902,2.188131,1.354857,2.002189,"Peroxisome","K01897","ACSL, fadD","long-chain acyl-CoA synthetase"
"g_46063",0,0,"Q9R063.1","RecName: Full=Peroxiredoxin-5, mitochondrial; AltName: Full=Antioxidant enzyme B166; Short=AOEB166; AltName: Full=PLP; AltName: Full=Peroxiredoxin V; Short=Prx-V; AltName: Full=Peroxisomal antioxidant enzyme; AltName: Full=Thioredoxin peroxidase PMP20; Flags: Precursor",13.631137,8.743942,12.148144,0,0,0,2.368896,1.684366,0.268904,"Peroxisome","K11187","PRDX5","peroxiredoxin 5"
"g_46739",0,0,"Q7TYX8.2","RecName: Full=Long-chain-fatty-acid--CoA ligase FadD15; Short=FACL; AltName: Full=Acyl-CoA synthetase",170.49214,186.782232,99.682145,23.103312,21.007879,36.563623,26.878605,32.152843,12.156138,"Peroxisome","K01897","ACSL, fadD","long-chain acyl-CoA synthetase"
"g_46875",0,0,"O64894.1","RecName: Full=Acyl-coenzyme A oxidase, peroxisomal; Short=AOX; AltName: Full=Long-chain acyl-CoA oxidase; Flags: Precursor",8.952554,7.76352,8.802755,0.288545,0.162216,0.116498,5.392792,7.237372,0.618467,"Peroxisome","K00232","E1.3.3.6, ACOX1, ACOX3","acyl-CoA oxidase"
"g_48215",0,0,"P35915.1","RecName: Full=Hydroxymethylglutaryl-CoA lyase, mitochondrial; Short=HL; Short=HMG-CoA lyase; AltName: Full=3-hydroxy-3-methylglutarate-CoA lyase",0.383094,1.605266,2.095814,5.871534,2.432376,10.729703,4.57617,4.900672,2.097014,"Peroxisome","K01640","HMGCL, hmgL","hydroxymethylglutaryl-CoA lyase"
"g_48493",0,0,"P13703.1","RecName: Full=Hydroxymethylglutaryl-CoA lyase; Short=HL; Short=HMG-CoA lyase; AltName: Full=3-hydroxy-3-methylglutarate-CoA lyase",19.812245,41.850726,35.443647,8.250308,9.727573,3.889811,5.608794,7.243364,6.232959,"Peroxisome","K01640","HMGCL, hmgL","hydroxymethylglutaryl-CoA lyase"
"g_49715",0,0,"P0AGD2.1","RecName: Full=Superoxide dismutase",0.447539,0.380277,0.252836,2.208271,0.557879,3.561149,2.485844,1.255101,2.25671,"Peroxisome","K04565","SOD1","superoxide dismutase, Cu-Zn family"
"g_50249",0,0,"O64894.1","RecName: Full=Acyl-coenzyme A oxidase, peroxisomal; Short=AOX; AltName: Full=Long-chain acyl-CoA oxidase; Flags: Precursor",9.033969,8.502107,8.531123,0.524128,0.137422,0.247999,5.550953,7.299087,0.531174,"Peroxisome","K00232","E1.3.3.6, ACOX1, ACOX3","acyl-CoA oxidase"
"g_50464",0,0,"P16100.5","RecName: Full=Isocitrate dehydrogenase",54.042222,193.004242,154.765213,14.82741,14.091402,10.646952,12.220773,14.251098,7.007255,"Peroxisome","K00031","IDH1, IDH2, icd","isocitrate dehydrogenase"
"g_52072",0,0,"O34873.1","RecName: Full=Hydroxymethylglutaryl-CoA lyase YngG; Short=HL; Short=HMG-CoA lyase; AltName: Full=3-hydroxy-3-methylglutarate-CoA lyase",0.608122,0.868939,0.938819,3.007063,2.066482,1.540499,0.522729,2.224643,1.509968,"Peroxisome","K01640","HMGCL, hmgL","hydroxymethylglutaryl-CoA lyase"
"g_52476",0,1,"O75521.4","RecName: Full=Enoyl-CoA delta isomerase 2, mitochondrial; AltName: Full=DRS-1; AltName: Full=Delta(3),delta(2)-enoyl-CoA isomerase; Short=D3,D2-enoyl-CoA isomerase; AltName: Full=Diazepam-binding inhibitor-related protein 1; Short=DBI-related protein 1; AltName: Full=Dodecenoyl-CoA isomerase; AltName: Full=Hepatocellular carcinoma-associated antigen 88; AltName: Full=Peroxisomal 3,2-trans-enoyl-CoA isomerase; Short=pECI; AltName: Full=Renal carcinoma antigen NY-REN-1; Flags: Precursor",4.778108,2.091348,1.188454,0.097833,0,0,1.251218,1.264205,0,"Peroxisome","K13239","ECI2, PECI","Delta3-Delta2-enoyl-CoA isomerase"
"g_52988",0,0,"P28760.2","RecName: Full=Superoxide dismutase",319.941723,612.74914,556.704045,134.787792,79.425159,145.039702,130.437829,93.06364,63.435931,"Peroxisome","K04564","SOD2","superoxide dismutase, Fe-Mn family"
"g_53121",0,0,"P09213.1","RecName: Full=Superoxide dismutase",2.153255,7.477811,2.29153,0.300541,0.634126,0.296995,0.343623,1.485373,3.813159,"Peroxisome","K04564","SOD2","superoxide dismutase, Fe-Mn family"
"g_54020",0,0,"P95539.1","RecName: Full=Catalase HPII",3.581775,1.221589,1.938768,4.156722,5.281633,6.270347,9.282344,5.558793,5.498969,"Peroxisome","K03781","katE, CAT, catB, srpA","catalase"
"g_54082",0,0,"P50216.1","RecName: Full=Isocitrate dehydrogenase",152.680583,236.949757,299.745433,1.574568,1.605517,5.859948,2.509036,2.027216,1.663399,"Peroxisome","K00031","IDH1, IDH2, icd","isocitrate dehydrogenase"
"g_55000",0,0,"Q9ZN99.2","RecName: Full=Catalase",5.177665,2.889422,2.068853,5.377733,7.041054,5.142439,5.004065,5.509983,7.262195,"Peroxisome","K03781","katE, CAT, catB, srpA","catalase"
"g_55215",0,0,"P0C0F9.1","RecName: Full=Superoxide dismutase",149.072696,205.061737,273.232258,39.658619,33.32768,30.425452,44.454577,46.917225,40.502124,"Peroxisome","K04564","SOD2","superoxide dismutase, Fe-Mn family"
"g_56826",1,1,"P19665.2","RecName: Full=Superoxide dismutase",9.11537,23.657568,21.903585,1.929362,1.175523,0.807269,2.701809,5.164499,3.0584,"Peroxisome","K04564","SOD2","superoxide dismutase, Fe-Mn family"
"g_01136",0,0,"Q96533.2","RecName: Full=Alcohol dehydrogenase class-3; AltName: Full=Alcohol dehydrogenase class-III; AltName: Full=Glutathione-dependent formaldehyde dehydrogenase; Short=FALDH; Short=FDH; Short=GSH-FDH; AltName: Full=S-(hydroxymethyl)glutathione dehydrogenase",14.833339,8.618659,8.36055,0,0,0,2.1789,2.206191,0.21052,"Drug metabolism - cytochrome P450","K00121","frmA, ADH5, adhC","S-(hydroxymethyl)glutathione dehydrogenase / alcohol dehydrogenase"
"g_02941",0,0,"O31186.1","RecName: Full=Alcohol dehydrogenase",4.745421,2.849329,1.220149,0.084253,0.152327,0.191697,0.187277,0.08649,0.066957,"Drug metabolism - cytochrome P450","K13953","adhP","alcohol dehydrogenase, propanol-preferring"
"g_04699",0,0,"A5DDU4.2","RecName: Full=Protein URE2",5.657464,5.465084,3.673738,0.090951,0.053361,0.128581,0.167393,0,0,"Drug metabolism - cytochrome P450","K00799","GST, gst","glutathione S-transferase"
"g_04892",0,0,NA,NA,6.86546,0.734019,0.742984,0,0.16545,0,0.738578,0.214641,0.081952,"Drug metabolism - cytochrome P450","K00799","GST, gst","glutathione S-transferase"
"g_06266",0,0,"P0ACA2.1","RecName: Full=Uncharacterized GST-like protein YibF >P0ACA1.1 RecName: Full=Uncharacterized GST-like protein YibF",3.40263,2.239024,3.107231,18.943631,15.724161,19.73621,22.084737,12.380561,16.246082,"Drug metabolism - cytochrome P450","K00799","GST, gst","glutathione S-transferase"
"g_07171",0,0,"P40582.1","RecName: Full=Glutathione S-transferase 1; AltName: Full=GST-I",7.237132,8.793842,7.02317,0.303017,0,0.17663,0.48338,0.065474,0,"Drug metabolism - cytochrome P450","K00799","GST, gst","glutathione S-transferase"
"g_09270",0,0,NA,NA,2.63518,2.528805,2.878438,0.24073,0.308926,0.872751,0.882005,1.186124,0.879675,"Drug metabolism - cytochrome P450","K00799","GST, gst","glutathione S-transferase"
"g_09836",0,1,NA,NA,14.12976,0.847936,2.640197,0.190648,0.131255,0.735958,0.750467,0,0.341467,"Drug metabolism - cytochrome P450","K00799","GST, gst","glutathione S-transferase"
"g_13350",0,0,"P9WQC0.1","RecName: Full=Probable alcohol dehydrogenase AdhA >P9WQC1.1 RecName: Full=Probable alcohol dehydrogenase AdhA",3.286345,1.305675,0.696113,179.052926,169.093908,453.775047,154.607909,124.045207,171.720644,"Drug metabolism - cytochrome P450","K13953","adhP","alcohol dehydrogenase, propanol-preferring"
"g_16109",0,0,"P40108.2","RecName: Full=Aldehyde dehydrogenase; Short=ALDDH; Short=ALDH; AltName: Full=Allergen Cla h 3; AltName: Full=Allergen Cla h III; AltName: Allergen=Cla h 10",9.531624,1.147284,0.648727,0.050726,0,0.081387,0,0.045049,0.053591,"Drug metabolism - cytochrome P450","K00129","ALDH3","aldehyde dehydrogenase (NAD(P)+)"
"g_16634",0,0,"P42327.1","RecName: Full=Alcohol dehydrogenase; Short=ADH",18.243149,7.302771,5.659542,0.320659,0.595582,0.221335,0.053081,0.058104,0,"Drug metabolism - cytochrome P450","K13953","adhP","alcohol dehydrogenase, propanol-preferring"
"g_17355",0,0,"P49385.2","RecName: Full=Alcohol dehydrogenase 4, mitochondrial; AltName: Full=Alcohol dehydrogenase IV; Flags: Precursor",3.226127,3.355,1.635773,1.040574,0.300768,0.569825,0.822649,0.392561,0.328655,"Drug metabolism - cytochrome P450","K13953","adhP","alcohol dehydrogenase, propanol-preferring"
"g_18102",0,0,"B3FWR8.1","RecName: Full=Glutathione S-transferase hmp2; AltName: Full=Hypothemycin biosynthesis cluster protein hpm2",4.586186,3.745718,2.919928,0,0,0,1.281607,0.667316,1.352301,"Drug metabolism - cytochrome P450","K00799","GST, gst","glutathione S-transferase"
"g_18235",0,0,"Q9Y7Q2.1","RecName: Full=Glutathione S-transferase 1; AltName: Full=GST-I",57.023967,7.986888,6.009438,0.085728,0.225766,0.221534,0,0.069222,0,"Drug metabolism - cytochrome P450","K00799","GST, gst","glutathione S-transferase"
"g_18369",0,0,"Q08863.1","RecName: Full=Glutathione S-transferase alpha I; AltName: Full=GST class-alpha; AltName: Full=GSTA1-1; Contains: RecName: Full=Glutathione S-transferase alpha I, N-terminally processed",10.914537,9.106087,11.074018,0.107433,0.077047,0,5.777094,5.104958,0.69721,"Drug metabolism - cytochrome P450","K00799","GST, gst","glutathione S-transferase"
"g_19215",0,0,"Q0CCY0.1","RecName: Full=Glutathione S-transferase-like protein gedE; AltName: Full=Geodin synthesis protein E",6.002892,7.335614,8.032618,0,0.291957,0.282217,0.102247,0.12201,0,"Drug metabolism - cytochrome P450","K00799","GST, gst","glutathione S-transferase"
"g_19590",0,0,"P04907.4","RecName: Full=Glutathione S-transferase 3; AltName: Full=GST class-phi member 3; AltName: Full=GST-III",1.255463,3.435357,3.011449,0.639927,0.61502,0.522233,0.618709,0.518984,0.839069,"Drug metabolism - cytochrome P450","K00799","GST, gst","glutathione S-transferase"
"g_19924",0,0,"P40582.1","RecName: Full=Glutathione S-transferase 1; AltName: Full=GST-I",8.689727,4.716989,1.484707,0.246814,0.111559,0.761589,0.822607,0.204998,0.221033,"Drug metabolism - cytochrome P450","K00799","GST, gst","glutathione S-transferase"
"g_20759",0,0,NA,NA,11.066785,7.455909,8.365768,0.092156,0.241757,0.071847,1.321239,3.260612,0.48021,"Drug metabolism - cytochrome P450","K00799","GST, gst","glutathione S-transferase"
"g_24930",0,0,NA,NA,2.412453,3.171607,3.43142,40.126576,36.598914,63.534188,49.181344,24.296155,30.196713,"Drug metabolism - cytochrome P450","K00799","GST, gst","glutathione S-transferase"
"g_25074",0,0,"P49385.2","RecName: Full=Alcohol dehydrogenase 4, mitochondrial; AltName: Full=Alcohol dehydrogenase IV; Flags: Precursor",147.543375,174.137894,185.432687,1.289522,1.969903,2.980439,1.905431,1.438766,1.390087,"Drug metabolism - cytochrome P450","K13953","adhP","alcohol dehydrogenase, propanol-preferring"
"g_25255",0,0,"Q9P6M1.3","RecName: Full=Glutathione S-transferase 3; AltName: Full=GST-III",7.395586,2.921171,3.818699,9.567679,11.065629,17.650891,9.154748,9.895605,14.846932,"Drug metabolism - cytochrome P450","K00799","GST, gst","glutathione S-transferase"
"g_25725",0,0,"P15214.2","RecName: Full=Glutathione S-transferase GST-6.0; AltName: Full=GST B1-1",27.484402,7.754807,4.774872,0,0,0.111465,0.248402,0.245217,0.302256,"Drug metabolism - cytochrome P450","K00799","GST, gst","glutathione S-transferase"
"g_26485",0,0,"P49385.2","RecName: Full=Alcohol dehydrogenase 4, mitochondrial; AltName: Full=Alcohol dehydrogenase IV; Flags: Precursor",598.662974,174.31505,97.155666,4.20112,4.18565,9.55878,3.503501,3.67323,3.290557,"Drug metabolism - cytochrome P450","K13953","adhP","alcohol dehydrogenase, propanol-preferring"
"g_26694",0,0,"F2Z678.1","RecName: Full=Alcohol dehydrogenase 2",208.617885,64.810022,48.15507,0.487072,0.388567,2.429797,0.794754,0.315246,0.373378,"Drug metabolism - cytochrome P450","K13953","adhP","alcohol dehydrogenase, propanol-preferring"
"g_26779",0,0,"P49385.2","RecName: Full=Alcohol dehydrogenase 4, mitochondrial; AltName: Full=Alcohol dehydrogenase IV; Flags: Precursor",25.174849,13.279654,9.790524,0,0.742992,0.253578,0.103098,0.489873,0.156053,"Drug metabolism - cytochrome P450","K13953","adhP","alcohol dehydrogenase, propanol-preferring"
"g_27720",0,0,"Q99L20.1","RecName: Full=Glutathione S-transferase theta-3",3.890692,3.43602,3.244811,0.11395,0.249941,0.081079,0.051802,0,0.039804,"Drug metabolism - cytochrome P450","K00799","GST, gst","glutathione S-transferase"
"g_29251",0,0,"P0ACA2.1","RecName: Full=Uncharacterized GST-like protein YibF >P0ACA1.1 RecName: Full=Uncharacterized GST-like protein YibF",4.303557,4.679188,4.262443,90.273614,97.518026,162.635789,131.131014,96.033478,133.01872,"Drug metabolism - cytochrome P450","K00799","GST, gst","glutathione S-transferase"
"g_34212",0,0,"Q6BM74.2","RecName: Full=Protein URE2",27.605858,5.848469,3.96655,0.180751,0.222011,1.293028,0.362617,0.856794,0.269237,"Drug metabolism - cytochrome P450","K00799","GST, gst","glutathione S-transferase"
"g_34285",0,0,"O31186.1","RecName: Full=Alcohol dehydrogenase",28.598887,52.241722,44.811558,10.09382,12.118944,14.952687,8.96108,7.035415,18.680485,"Drug metabolism - cytochrome P450","K13953","adhP","alcohol dehydrogenase, propanol-preferring"
"g_35126",0,0,"P0CL53.1","RecName: Full=S-(hydroxymethyl)glutathione dehydrogenase; AltName: Full=Glutathione-dependent formaldehyde dehydrogenase; Short=FALDH; Short=FDH; Short=FLD; Short=GSH-FDH",13.447285,9.767481,6.970071,0.071851,0.052689,0.200168,0,0,0.060746,"Drug metabolism - cytochrome P450","K00121","frmA, ADH5, adhC","S-(hydroxymethyl)glutathione dehydrogenase / alcohol dehydrogenase"
"g_36424",0,0,"P44557.1","RecName: Full=S-(hydroxymethyl)glutathione dehydrogenase; AltName: Full=Alcohol dehydrogenase class-3; AltName: Full=Alcohol dehydrogenase class-III; AltName: Full=Glutathione-dependent formaldehyde dehydrogenase; Short=FALDH; Short=FDH; Short=GSH-FDH",3.65813,1.774513,2.060916,4.115249,6.081341,4.279583,3.742871,3.200766,4.507777,"Drug metabolism - cytochrome P450","K00121","frmA, ADH5, adhC","S-(hydroxymethyl)glutathione dehydrogenase / alcohol dehydrogenase"
"g_37201",0,0,"Q1RFI7.1","RecName: Full=S-(hydroxymethyl)glutathione dehydrogenase; AltName: Full=Alcohol dehydrogenase class-3; AltName: Full=Alcohol dehydrogenase class-III; AltName: Full=Glutathione-dependent formaldehyde dehydrogenase; Short=FALDH; Short=FDH; Short=GSH-FDH >Q0TKS7.1 RecName: Full=S-(hydroxymethyl)glutathione dehydrogenase; AltName: Full=Alcohol dehydrogenase class-3; AltName: Full=Alcohol dehydrogenase class-III; AltName: Full=Glutathione-dependent formaldehyde dehydrogenase; Short=FALDH; Short=FDH; Short=GSH-FDH >A1A835.1 RecName: Full=S-(hydroxymethyl)glutathione dehydrogenase; AltName: Full=Alcohol dehydrogenase class-3; AltName: Full=Alcohol dehydrogenase class-III; AltName: Full=Glutathione-dependent formaldehyde dehydrogenase; Short=FALDH; Short=FDH; Short=GSH-FDH",25.72196,45.168216,65.034274,1.346213,0.896402,1.066145,0.779277,0.858315,0.62413,"Drug metabolism - cytochrome P450","K00121","frmA, ADH5, adhC","S-(hydroxymethyl)glutathione dehydrogenase / alcohol dehydrogenase"
"g_37235",0,0,"Q9P6M1.3","RecName: Full=Glutathione S-transferase 3; AltName: Full=GST-III",1.176452,1.030102,0.95039,3.252053,2.39641,6.825749,2.252944,1.757885,5.989765,"Drug metabolism - cytochrome P450","K00799","GST, gst","glutathione S-transferase"
"g_37521",0,0,"Q52828.1","RecName: Full=Protein GstA",0.437867,1.108191,0.995158,1.778679,2.073021,2.597137,1.169699,1.257249,2.302033,"Drug metabolism - cytochrome P450","K00799","GST, gst","glutathione S-transferase"
"g_37736",0,0,"P45875.3","RecName: Full=Glutathione S-transferase GST-4.5",7.091932,3.392589,2.043039,10.854309,5.958533,7.61431,12.748965,7.990414,3.247445,"Drug metabolism - cytochrome P450","K00799","GST, gst","glutathione S-transferase"
"g_39129",0,0,"Q9X4F7.1","RecName: Full=Maleylacetoacetate isomerase; Short=MAAI",2.959197,2.043461,1.178135,2.192294,4.488254,2.510214,2.199623,1.797191,2.611802,"Drug metabolism - cytochrome P450","K00799","GST, gst","glutathione S-transferase"
"g_43869",0,0,"O31186.1","RecName: Full=Alcohol dehydrogenase",3.395653,0.663973,0.966379,1.971394,3.694679,5.532278,1.488003,1.026972,1.748763,"Drug metabolism - cytochrome P450","K13953","adhP","alcohol dehydrogenase, propanol-preferring"
"g_46354",0,1,"P73795.1","RecName: Full=Uncharacterized protein sll1147",3.888325,1.406049,1.684107,0,0,0,1.667496,0.713467,0.186043,"Drug metabolism - cytochrome P450","K00799","GST, gst","glutathione S-transferase"
"g_49927",0,0,"O80852.1","RecName: Full=Glutathione S-transferase F9; Short=AtGSTF9; AltName: Full=AtGSTF7; AltName: Full=GST class-phi member 9",0.766537,0.808946,0.672731,1.193584,1.544146,0.702162,2.384486,1.673182,2.25996,"Drug metabolism - cytochrome P450","K00799","GST, gst","glutathione S-transferase"
"g_51381",0,0,"Q54IT3.1","RecName: Full=Probable flavin-containing monoamine oxidase A",6.229831,4.708898,4.465717,0.267497,0.032753,0.073206,2.695855,4.447548,0.340348,"Drug metabolism - cytochrome P450","K00274","MAO, aofH","monoamine oxidase"
"g_53446",0,0,"P31005.3","RecName: Full=NAD-dependent methanol dehydrogenase; Short=MDH; Short=MEDH; AltName: Full=Type 3 alcohol dehydrogenase",0.242738,0.142337,0.083151,7.605507,3.054741,2.125075,11.556814,14.727136,38.631572,"Drug metabolism - cytochrome P450","K00001","E1.1.1.1, adh","alcohol dehydrogenase"
"g_54236",0,0,"O31186.1","RecName: Full=Alcohol dehydrogenase",3.703816,2.015608,2.111678,19.045579,24.22798,22.020353,16.4207,19.503189,24.977211,"Drug metabolism - cytochrome P450","K13953","adhP","alcohol dehydrogenase, propanol-preferring"
"g_01136",0,0,"Q96533.2","RecName: Full=Alcohol dehydrogenase class-3; AltName: Full=Alcohol dehydrogenase class-III; AltName: Full=Glutathione-dependent formaldehyde dehydrogenase; Short=FALDH; Short=FDH; Short=GSH-FDH; AltName: Full=S-(hydroxymethyl)glutathione dehydrogenase",14.833339,8.618659,8.36055,0,0,0,2.1789,2.206191,0.21052,"Metabolism of xenobiotics by cytochrome P450","K00121","frmA, ADH5, adhC","S-(hydroxymethyl)glutathione dehydrogenase / alcohol dehydrogenase"
"g_02941",0,0,"O31186.1","RecName: Full=Alcohol dehydrogenase",4.745421,2.849329,1.220149,0.084253,0.152327,0.191697,0.187277,0.08649,0.066957,"Metabolism of xenobiotics by cytochrome P450","K13953","adhP","alcohol dehydrogenase, propanol-preferring"
"g_04699",0,0,"A5DDU4.2","RecName: Full=Protein URE2",5.657464,5.465084,3.673738,0.090951,0.053361,0.128581,0.167393,0,0,"Metabolism of xenobiotics by cytochrome P450","K00799","GST, gst","glutathione S-transferase"
"g_04892",0,0,NA,NA,6.86546,0.734019,0.742984,0,0.16545,0,0.738578,0.214641,0.081952,"Metabolism of xenobiotics by cytochrome P450","K00799","GST, gst","glutathione S-transferase"
"g_06266",0,0,"P0ACA2.1","RecName: Full=Uncharacterized GST-like protein YibF >P0ACA1.1 RecName: Full=Uncharacterized GST-like protein YibF",3.40263,2.239024,3.107231,18.943631,15.724161,19.73621,22.084737,12.380561,16.246082,"Metabolism of xenobiotics by cytochrome P450","K00799","GST, gst","glutathione S-transferase"
"g_07171",0,0,"P40582.1","RecName: Full=Glutathione S-transferase 1; AltName: Full=GST-I",7.237132,8.793842,7.02317,0.303017,0,0.17663,0.48338,0.065474,0,"Metabolism of xenobiotics by cytochrome P450","K00799","GST, gst","glutathione S-transferase"
"g_09270",0,0,NA,NA,2.63518,2.528805,2.878438,0.24073,0.308926,0.872751,0.882005,1.186124,0.879675,"Metabolism of xenobiotics by cytochrome P450","K00799","GST, gst","glutathione S-transferase"
"g_09836",0,1,NA,NA,14.12976,0.847936,2.640197,0.190648,0.131255,0.735958,0.750467,0,0.341467,"Metabolism of xenobiotics by cytochrome P450","K00799","GST, gst","glutathione S-transferase"
"g_13350",0,0,"P9WQC0.1","RecName: Full=Probable alcohol dehydrogenase AdhA >P9WQC1.1 RecName: Full=Probable alcohol dehydrogenase AdhA",3.286345,1.305675,0.696113,179.052926,169.093908,453.775047,154.607909,124.045207,171.720644,"Metabolism of xenobiotics by cytochrome P450","K13953","adhP","alcohol dehydrogenase, propanol-preferring"
"g_16109",0,0,"P40108.2","RecName: Full=Aldehyde dehydrogenase; Short=ALDDH; Short=ALDH; AltName: Full=Allergen Cla h 3; AltName: Full=Allergen Cla h III; AltName: Allergen=Cla h 10",9.531624,1.147284,0.648727,0.050726,0,0.081387,0,0.045049,0.053591,"Metabolism of xenobiotics by cytochrome P450","K00129","ALDH3","aldehyde dehydrogenase (NAD(P)+)"
"g_16634",0,0,"P42327.1","RecName: Full=Alcohol dehydrogenase; Short=ADH",18.243149,7.302771,5.659542,0.320659,0.595582,0.221335,0.053081,0.058104,0,"Metabolism of xenobiotics by cytochrome P450","K13953","adhP","alcohol dehydrogenase, propanol-preferring"
"g_17355",0,0,"P49385.2","RecName: Full=Alcohol dehydrogenase 4, mitochondrial; AltName: Full=Alcohol dehydrogenase IV; Flags: Precursor",3.226127,3.355,1.635773,1.040574,0.300768,0.569825,0.822649,0.392561,0.328655,"Metabolism of xenobiotics by cytochrome P450","K13953","adhP","alcohol dehydrogenase, propanol-preferring"
"g_18102",0,0,"B3FWR8.1","RecName: Full=Glutathione S-transferase hmp2; AltName: Full=Hypothemycin biosynthesis cluster protein hpm2",4.586186,3.745718,2.919928,0,0,0,1.281607,0.667316,1.352301,"Metabolism of xenobiotics by cytochrome P450","K00799","GST, gst","glutathione S-transferase"
"g_18235",0,0,"Q9Y7Q2.1","RecName: Full=Glutathione S-transferase 1; AltName: Full=GST-I",57.023967,7.986888,6.009438,0.085728,0.225766,0.221534,0,0.069222,0,"Metabolism of xenobiotics by cytochrome P450","K00799","GST, gst","glutathione S-transferase"
"g_18369",0,0,"Q08863.1","RecName: Full=Glutathione S-transferase alpha I; AltName: Full=GST class-alpha; AltName: Full=GSTA1-1; Contains: RecName: Full=Glutathione S-transferase alpha I, N-terminally processed",10.914537,9.106087,11.074018,0.107433,0.077047,0,5.777094,5.104958,0.69721,"Metabolism of xenobiotics by cytochrome P450","K00799","GST, gst","glutathione S-transferase"
"g_19215",0,0,"Q0CCY0.1","RecName: Full=Glutathione S-transferase-like protein gedE; AltName: Full=Geodin synthesis protein E",6.002892,7.335614,8.032618,0,0.291957,0.282217,0.102247,0.12201,0,"Metabolism of xenobiotics by cytochrome P450","K00799","GST, gst","glutathione S-transferase"
"g_19590",0,0,"P04907.4","RecName: Full=Glutathione S-transferase 3; AltName: Full=GST class-phi member 3; AltName: Full=GST-III",1.255463,3.435357,3.011449,0.639927,0.61502,0.522233,0.618709,0.518984,0.839069,"Metabolism of xenobiotics by cytochrome P450","K00799","GST, gst","glutathione S-transferase"
"g_19924",0,0,"P40582.1","RecName: Full=Glutathione S-transferase 1; AltName: Full=GST-I",8.689727,4.716989,1.484707,0.246814,0.111559,0.761589,0.822607,0.204998,0.221033,"Metabolism of xenobiotics by cytochrome P450","K00799","GST, gst","glutathione S-transferase"
"g_20759",0,0,NA,NA,11.066785,7.455909,8.365768,0.092156,0.241757,0.071847,1.321239,3.260612,0.48021,"Metabolism of xenobiotics by cytochrome P450","K00799","GST, gst","glutathione S-transferase"
"g_24930",0,0,NA,NA,2.412453,3.171607,3.43142,40.126576,36.598914,63.534188,49.181344,24.296155,30.196713,"Metabolism of xenobiotics by cytochrome P450","K00799","GST, gst","glutathione S-transferase"
"g_25074",0,0,"P49385.2","RecName: Full=Alcohol dehydrogenase 4, mitochondrial; AltName: Full=Alcohol dehydrogenase IV; Flags: Precursor",147.543375,174.137894,185.432687,1.289522,1.969903,2.980439,1.905431,1.438766,1.390087,"Metabolism of xenobiotics by cytochrome P450","K13953","adhP","alcohol dehydrogenase, propanol-preferring"
"g_25255",0,0,"Q9P6M1.3","RecName: Full=Glutathione S-transferase 3; AltName: Full=GST-III",7.395586,2.921171,3.818699,9.567679,11.065629,17.650891,9.154748,9.895605,14.846932,"Metabolism of xenobiotics by cytochrome P450","K00799","GST, gst","glutathione S-transferase"
"g_25725",0,0,"P15214.2","RecName: Full=Glutathione S-transferase GST-6.0; AltName: Full=GST B1-1",27.484402,7.754807,4.774872,0,0,0.111465,0.248402,0.245217,0.302256,"Metabolism of xenobiotics by cytochrome P450","K00799","GST, gst","glutathione S-transferase"
"g_26485",0,0,"P49385.2","RecName: Full=Alcohol dehydrogenase 4, mitochondrial; AltName: Full=Alcohol dehydrogenase IV; Flags: Precursor",598.662974,174.31505,97.155666,4.20112,4.18565,9.55878,3.503501,3.67323,3.290557,"Metabolism of xenobiotics by cytochrome P450","K13953","adhP","alcohol dehydrogenase, propanol-preferring"
"g_26694",0,0,"F2Z678.1","RecName: Full=Alcohol dehydrogenase 2",208.617885,64.810022,48.15507,0.487072,0.388567,2.429797,0.794754,0.315246,0.373378,"Metabolism of xenobiotics by cytochrome P450","K13953","adhP","alcohol dehydrogenase, propanol-preferring"
"g_26779",0,0,"P49385.2","RecName: Full=Alcohol dehydrogenase 4, mitochondrial; AltName: Full=Alcohol dehydrogenase IV; Flags: Precursor",25.174849,13.279654,9.790524,0,0.742992,0.253578,0.103098,0.489873,0.156053,"Metabolism of xenobiotics by cytochrome P450","K13953","adhP","alcohol dehydrogenase, propanol-preferring"
"g_27720",0,0,"Q99L20.1","RecName: Full=Glutathione S-transferase theta-3",3.890692,3.43602,3.244811,0.11395,0.249941,0.081079,0.051802,0,0.039804,"Metabolism of xenobiotics by cytochrome P450","K00799","GST, gst","glutathione S-transferase"
"g_29251",0,0,"P0ACA2.1","RecName: Full=Uncharacterized GST-like protein YibF >P0ACA1.1 RecName: Full=Uncharacterized GST-like protein YibF",4.303557,4.679188,4.262443,90.273614,97.518026,162.635789,131.131014,96.033478,133.01872,"Metabolism of xenobiotics by cytochrome P450","K00799","GST, gst","glutathione S-transferase"
"g_34212",0,0,"Q6BM74.2","RecName: Full=Protein URE2",27.605858,5.848469,3.96655,0.180751,0.222011,1.293028,0.362617,0.856794,0.269237,"Metabolism of xenobiotics by cytochrome P450","K00799","GST, gst","glutathione S-transferase"
"g_34285",0,0,"O31186.1","RecName: Full=Alcohol dehydrogenase",28.598887,52.241722,44.811558,10.09382,12.118944,14.952687,8.96108,7.035415,18.680485,"Metabolism of xenobiotics by cytochrome P450","K13953","adhP","alcohol dehydrogenase, propanol-preferring"
"g_35126",0,0,"P0CL53.1","RecName: Full=S-(hydroxymethyl)glutathione dehydrogenase; AltName: Full=Glutathione-dependent formaldehyde dehydrogenase; Short=FALDH; Short=FDH; Short=FLD; Short=GSH-FDH",13.447285,9.767481,6.970071,0.071851,0.052689,0.200168,0,0,0.060746,"Metabolism of xenobiotics by cytochrome P450","K00121","frmA, ADH5, adhC","S-(hydroxymethyl)glutathione dehydrogenase / alcohol dehydrogenase"
"g_36424",0,0,"P44557.1","RecName: Full=S-(hydroxymethyl)glutathione dehydrogenase; AltName: Full=Alcohol dehydrogenase class-3; AltName: Full=Alcohol dehydrogenase class-III; AltName: Full=Glutathione-dependent formaldehyde dehydrogenase; Short=FALDH; Short=FDH; Short=GSH-FDH",3.65813,1.774513,2.060916,4.115249,6.081341,4.279583,3.742871,3.200766,4.507777,"Metabolism of xenobiotics by cytochrome P450","K00121","frmA, ADH5, adhC","S-(hydroxymethyl)glutathione dehydrogenase / alcohol dehydrogenase"
"g_37201",0,0,"Q1RFI7.1","RecName: Full=S-(hydroxymethyl)glutathione dehydrogenase; AltName: Full=Alcohol dehydrogenase class-3; AltName: Full=Alcohol dehydrogenase class-III; AltName: Full=Glutathione-dependent formaldehyde dehydrogenase; Short=FALDH; Short=FDH; Short=GSH-FDH >Q0TKS7.1 RecName: Full=S-(hydroxymethyl)glutathione dehydrogenase; AltName: Full=Alcohol dehydrogenase class-3; AltName: Full=Alcohol dehydrogenase class-III; AltName: Full=Glutathione-dependent formaldehyde dehydrogenase; Short=FALDH; Short=FDH; Short=GSH-FDH >A1A835.1 RecName: Full=S-(hydroxymethyl)glutathione dehydrogenase; AltName: Full=Alcohol dehydrogenase class-3; AltName: Full=Alcohol dehydrogenase class-III; AltName: Full=Glutathione-dependent formaldehyde dehydrogenase; Short=FALDH; Short=FDH; Short=GSH-FDH",25.72196,45.168216,65.034274,1.346213,0.896402,1.066145,0.779277,0.858315,0.62413,"Metabolism of xenobiotics by cytochrome P450","K00121","frmA, ADH5, adhC","S-(hydroxymethyl)glutathione dehydrogenase / alcohol dehydrogenase"
"g_37235",0,0,"Q9P6M1.3","RecName: Full=Glutathione S-transferase 3; AltName: Full=GST-III",1.176452,1.030102,0.95039,3.252053,2.39641,6.825749,2.252944,1.757885,5.989765,"Metabolism of xenobiotics by cytochrome P450","K00799","GST, gst","glutathione S-transferase"
"g_37521",0,0,"Q52828.1","RecName: Full=Protein GstA",0.437867,1.108191,0.995158,1.778679,2.073021,2.597137,1.169699,1.257249,2.302033,"Metabolism of xenobiotics by cytochrome P450","K00799","GST, gst","glutathione S-transferase"
"g_37736",0,0,"P45875.3","RecName: Full=Glutathione S-transferase GST-4.5",7.091932,3.392589,2.043039,10.854309,5.958533,7.61431,12.748965,7.990414,3.247445,"Metabolism of xenobiotics by cytochrome P450","K00799","GST, gst","glutathione S-transferase"
"g_39129",0,0,"Q9X4F7.1","RecName: Full=Maleylacetoacetate isomerase; Short=MAAI",2.959197,2.043461,1.178135,2.192294,4.488254,2.510214,2.199623,1.797191,2.611802,"Metabolism of xenobiotics by cytochrome P450","K00799","GST, gst","glutathione S-transferase"
"g_43869",0,0,"O31186.1","RecName: Full=Alcohol dehydrogenase",3.395653,0.663973,0.966379,1.971394,3.694679,5.532278,1.488003,1.026972,1.748763,"Metabolism of xenobiotics by cytochrome P450","K13953","adhP","alcohol dehydrogenase, propanol-preferring"
"g_46354",0,1,"P73795.1","RecName: Full=Uncharacterized protein sll1147",3.888325,1.406049,1.684107,0,0,0,1.667496,0.713467,0.186043,"Metabolism of xenobiotics by cytochrome P450","K00799","GST, gst","glutathione S-transferase"
"g_49927",0,0,"O80852.1","RecName: Full=Glutathione S-transferase F9; Short=AtGSTF9; AltName: Full=AtGSTF7; AltName: Full=GST class-phi member 9",0.766537,0.808946,0.672731,1.193584,1.544146,0.702162,2.384486,1.673182,2.25996,"Metabolism of xenobiotics by cytochrome P450","K00799","GST, gst","glutathione S-transferase"
"g_53446",0,0,"P31005.3","RecName: Full=NAD-dependent methanol dehydrogenase; Short=MDH; Short=MEDH; AltName: Full=Type 3 alcohol dehydrogenase",0.242738,0.142337,0.083151,7.605507,3.054741,2.125075,11.556814,14.727136,38.631572,"Metabolism of xenobiotics by cytochrome P450","K00001","E1.1.1.1, adh","alcohol dehydrogenase"
"g_54236",0,0,"O31186.1","RecName: Full=Alcohol dehydrogenase",3.703816,2.015608,2.111678,19.045579,24.22798,22.020353,16.4207,19.503189,24.977211,"Metabolism of xenobiotics by cytochrome P450","K13953","adhP","alcohol dehydrogenase, propanol-preferring"
"g_00557",0,0,"P32561.1","RecName: Full=Histone deacetylase RPD3; AltName: Full=Transcriptional regulatory protein RPD3",19.012779,6.42686,5.043121,0.042725,0.379275,0.428158,0.22839,0.049771,0.276633,"Longevity regulating pathway - multiple species","K06067","HDAC1_2","histone deacetylase 1/2"
"g_00609",0,0,"Q9I1W8.1","RecName: Full=Catalase HPII",28.46383,17.554519,13.892754,1.082626,0.689768,1.560199,0.819383,0.660894,0.995783,"Longevity regulating pathway - multiple species","K03781","katE, CAT, catB, srpA","catalase"
"g_01572",0,0,NA,NA,35.067036,15.845747,17.438305,0,0.25154,0.294442,4.344778,5.470845,0.615645,"Longevity regulating pathway - multiple species","K07200","PRKAG","5'-AMP-activated protein kinase, regulatory gamma subunit"
"g_02855",0,0,"Q12526.2","RecName: Full=Ras-like protein; Flags: Precursor",9.85587,2.34478,1.039414,0,0.066061,0.126005,0.15342,0,0,"Longevity regulating pathway - multiple species","K07827","KRAS, KRAS2","GTPase KRas"
"g_03027",0,0,"P32561.1","RecName: Full=Histone deacetylase RPD3; AltName: Full=Transcriptional regulatory protein RPD3",3.435448,2.856747,3.458679,0.037204,0,0,0.065041,0,0,"Longevity regulating pathway - multiple species","K06067","HDAC1_2","histone deacetylase 1/2"
"g_04111",0,0,"Q01513.1","RecName: Full=Adenylate cyclase; AltName: Full=ATP pyrophosphate-lyase; AltName: Full=Adenylyl cyclase",5.359633,2.554104,1.117416,0,0.131737,0.199091,0,0,0,"Longevity regulating pathway - multiple species","K01768","E4.6.1.1","adenylate cyclase"
"g_05361",0,0,"P47141.1","RecName: Full=37S ribosomal protein S26, mitochondrial; AltName: Full=Mitochondrial small ribosomal subunit protein mS42",11.077864,3.956678,4.335281,0,0,0.048284,0.230897,0,0,"Longevity regulating pathway - multiple species","K04564","SOD2","superoxide dismutase, Fe-Mn family"
"g_06291",0,0,"P53184.1","RecName: Full=Nicotinamidase; AltName: Full=Nicotinamide deamidase; Short=NAMase",94.264074,24.534921,23.739579,0,0.097967,0.490062,0.309788,0.119586,0,"Longevity regulating pathway - multiple species","K01440","PNC1","nicotinamidase"
"g_06604",0,0,"Q98G96.1","RecName: Full=Chaperone protein ClpB",79.748079,229.793003,139.089441,3.701703,3.547703,5.953292,5.293092,3.617277,3.846165,"Longevity regulating pathway - multiple species","K03695","clpB","ATP-dependent Clp protease ATP-binding subunit ClpB"
"g_06686",0,0,"P54674.2","RecName: Full=Phosphatidylinositol 3-kinase 2; Short=PI3-kinase; Short=PI3K; Short=PtdIns-3-kinase",11.053957,3.849246,4.143611,0.058952,0,0,1.061315,1.123233,0.106986,"Longevity regulating pathway - multiple species","K00922","PIK3CA_B_D","phosphatidylinositol-4,5-bisphosphate 3-kinase catalytic subunit alpha/beta/delta"
"g_07612",0,0,"P49606.1","RecName: Full=Adenylate cyclase; AltName: Full=ATP pyrophosphate-lyase; AltName: Full=Adenylyl cyclase",6.66316,1.568716,1.385846,0,0.032373,0.136457,0.058205,0.121458,0.252166,"Longevity regulating pathway - multiple species","K01768","E4.6.1.1","adenylate cyclase"
"g_08257",0,0,"P28764.1","RecName: Full=Superoxide dismutase",6.206959,2.0862,3.003954,0.087322,0,0.435971,0,0.063805,0.212012,"Longevity regulating pathway - multiple species","K04564","SOD2","superoxide dismutase, Fe-Mn family"
"g_08724",0,0,"Q9RUV2.3","RecName: Full=Superoxide dismutase",3.09363,7.342192,7.997984,0,0.129258,0,0.11257,0,0,"Longevity regulating pathway - multiple species","K04564","SOD2","superoxide dismutase, Fe-Mn family"
"g_09033",0,0,"Q5A985.2","RecName: Full=NAD-dependent protein deacetylase HST2; AltName: Full=Homologous to SIR2 protein 2; AltName: Full=Regulatory protein SIR2 homolog 2",4.161782,3.967747,5.300086,0.054309,0.006546,0,0.00285,0,0.001189,"Longevity regulating pathway - multiple species","K11121","SIR2","NAD+-dependent protein deacetylase SIR2"
"g_09260",0,1,NA,NA,12.560882,3.609022,4.600732,0,0,0.047837,2.487554,2.121546,0.316119,"Longevity regulating pathway - multiple species","K01768","E4.6.1.1","adenylate cyclase"
"g_09313",0,0,"P31539.2","RecName: Full=Heat shock protein 104; AltName: Full=Protein aggregation-remodeling factor HSP104",93.465345,38.66873,27.747007,1.699454,2.394463,4.921918,2.190094,1.740333,1.386566,"Longevity regulating pathway - multiple species","K03695","clpB","ATP-dependent Clp protease ATP-binding subunit ClpB"
"g_09483",0,0,"Q5AHG6.2","RecName: Full=Serine/threonine-protein kinase SCH9",10.007463,2.043667,1.69572,0.085553,0.032083,0.284986,0.055882,0.241783,0.024627,"Longevity regulating pathway - multiple species","K19800","SCH9","serine/threonine protein kinase SCH9"
"g_09493",0,0,"Q8XZR0.1","RecName: Full=Chaperone protein ClpB",13.373659,21.447179,17.422145,4.750076,4.142363,4.635261,2.671294,3.604461,1.666455,"Longevity regulating pathway - multiple species","K03695","clpB","ATP-dependent Clp protease ATP-binding subunit ClpB"
"g_09884",0,0,"P31539.2","RecName: Full=Heat shock protein 104; AltName: Full=Protein aggregation-remodeling factor HSP104",61.943505,128.768683,134.567384,1.647251,1.765275,1.754412,1.071573,1.495086,1.382287,"Longevity regulating pathway - multiple species","K03695","clpB","ATP-dependent Clp protease ATP-binding subunit ClpB"
"g_10061",1,0,"P81926.2","RecName: Full=Superoxide dismutase",140.32729,227.613197,206.888299,48.663875,32.069938,54.629296,51.510917,69.803428,43.753863,"Longevity regulating pathway - multiple species","K04565","SOD1","superoxide dismutase, Cu-Zn family"
"g_10789",0,0,"O74402.1","RecName: Full=Heat shock protein 78, mitochondrial; Flags: Precursor",11.012972,2.49072,2.642407,0.22854,0.231128,0.163804,5.76165,4.443926,0.586665,"Longevity regulating pathway - multiple species","K03695","clpB","ATP-dependent Clp protease ATP-binding subunit ClpB"
"g_11046",0,0,"Q8FM94.1","RecName: Full=Chaperone protein ClpB",106.947258,196.481983,247.701732,1.721579,2.51639,6.459512,8.717447,5.972872,6.175753,"Longevity regulating pathway - multiple species","K03695","clpB","ATP-dependent Clp protease ATP-binding subunit ClpB"
"g_11108",0,0,"P42730.2","RecName: Full=Chaperone protein ClpB1; AltName: Full=ATP-dependent Clp protease ATP-binding subunit ClpB homolog 1; AltName: Full=Casein lytic proteinase B1; AltName: Full=Heat shock protein 101; AltName: Full=Protein DEFECTIVE IN LONG-TERM ACQUIRED THERMOTOLERANCE",22.927604,2.88034,4.603009,0.378842,0.808104,0.841624,22.350482,24.971646,1.985706,"Longevity regulating pathway - multiple species","K03695","clpB","ATP-dependent Clp protease ATP-binding subunit ClpB"
"g_11915",0,0,"P42730.2","RecName: Full=Chaperone protein ClpB1; AltName: Full=ATP-dependent Clp protease ATP-binding subunit ClpB homolog 1; AltName: Full=Casein lytic proteinase B1; AltName: Full=Heat shock protein 101; AltName: Full=Protein DEFECTIVE IN LONG-TERM ACQUIRED THERMOTOLERANCE",18.651186,2.272474,2.629968,0.612159,0.479908,0.62095,9.285692,10.569998,0.598302,"Longevity regulating pathway - multiple species","K03695","clpB","ATP-dependent Clp protease ATP-binding subunit ClpB"
"g_12041",0,0,"P06245.2","RecName: Full=cAMP-dependent protein kinase type 2; Short=PKA 2",10.86258,1.807358,2.712877,0,0,0,0,0,0,"Longevity regulating pathway - multiple species","K04345","PKA","protein kinase A"
"g_12903",0,0,"P22202.3","RecName: Full=Heat shock protein SSA4",220.572831,424.540294,455.187478,3.464206,4.502784,7.082547,4.130803,2.43511,2.587448,"Longevity regulating pathway - multiple species","K03283","HSPA1s","heat shock 70kDa protein 1/2/6/8"
"g_12997",0,0,"Q86C65.1","RecName: Full=Serine/threonine-protein kinase tor; AltName: Full=Target of rapamycin",6.50735,2.521187,3.12967,0.036884,0.021339,0.038254,1.203467,1.230104,0.079862,"Longevity regulating pathway - multiple species","K07203","MTOR, FRAP, TOR","serine/threonine-protein kinase mTOR"
"g_14182",0,0,"P87222.2","RecName: Full=Ribosome-associated molecular chaperone SSB1; AltName: Full=Heat shock protein SSB1; AltName: Full=Hsp70 chaperone Ssb",25.818778,77.915294,82.928789,0.382522,0.86535,1.008961,0.334308,0.055035,0.232253,"Longevity regulating pathway - multiple species","K03283","HSPA1s","heat shock 70kDa protein 1/2/6/8"
"g_15842",0,0,"O13289.5","RecName: Full=Peroxisomal catalase",57.775963,46.618104,52.130753,0.517547,0.410171,0.210597,0.54782,0.04438,0.199587,"Longevity regulating pathway - multiple species","K03781","katE, CAT, catB, srpA","catalase"
"g_15853",0,0,"O42227.1","RecName: Full=Probable histone deacetylase 1-B; Short=HD1-B; AltName: Full=RPD3 homolog",13.233756,6.684132,6.470892,0,0.116513,0,2.376327,1.883822,0.142044,"Longevity regulating pathway - multiple species","K06067","HDAC1_2","histone deacetylase 1/2"
"g_15928",0,0,"Q6ZLP5.1","RecName: Full=CBL-interacting protein kinase 23; AltName: Full=OsCIPK23",7.641348,4.010751,4.337406,0.167713,0.073295,0.082035,1.360301,2.116081,0.049402,"Longevity regulating pathway - multiple species","K07198","PRKAA, AMPK","5'-AMP-activated protein kinase, catalytic alpha subunit"
"g_16957",0,1,"Q8HXQ3.3","RecName: Full=Superoxide dismutase",24.037798,13.722319,12.946158,0.061327,0,0.104199,2.614049,2.715605,0.176788,"Longevity regulating pathway - multiple species","K04565","SOD1","superoxide dismutase, Cu-Zn family"
"g_18941",0,0,"Q01387.2","RecName: Full=Protein ras-2; Flags: Precursor",13.30978,4.575671,3.31068,0.126716,0.177428,0.146748,0.127683,0,0.06044,"Longevity regulating pathway - multiple species","K07827","KRAS, KRAS2","GTPase KRas"
"g_19213",0,0,"O13401.1","RecName: Full=Superoxide dismutase",92.961721,34.565941,27.193688,0,0.467187,0.825594,0.260726,0.208779,0,"Longevity regulating pathway - multiple species","K04564","SOD2","superoxide dismutase, Fe-Mn family"
"g_19230",0,0,"Q5AHG6.2","RecName: Full=Serine/threonine-protein kinase SCH9",5.825869,8.172645,9.068778,0,0.079559,0.19912,0,0,0.026974,"Longevity regulating pathway - multiple species","K19800","SCH9","serine/threonine protein kinase SCH9"
"g_19866",0,0,"Q7NWN7.1","RecName: Full=Chaperone protein ClpB",2.571618,7.309567,5.271643,0.813772,1.245945,0.916255,0.576026,0.936394,0.322528,"Longevity regulating pathway - multiple species","K03695","clpB","ATP-dependent Clp protease ATP-binding subunit ClpB"
"g_19881",0,1,"Q59094.1","RecName: Full=Superoxide dismutase",2.103395,11.308483,9.565556,0.084979,0.43364,0,0,0.191004,0,"Longevity regulating pathway - multiple species","K04564","SOD2","superoxide dismutase, Fe-Mn family"
"g_20050",1,1,"P19665.2","RecName: Full=Superoxide dismutase",2.291333,4.458645,4.964497,1.025306,0.258212,1.103626,0.702819,0.30679,0.460439,"Longevity regulating pathway - multiple species","K04564","SOD2","superoxide dismutase, Fe-Mn family"
"g_20150",0,0,"Q6BQZ1.1","RecName: Full=Probable superoxide dismutase",39.117175,74.554166,73.993762,0.063536,0.182153,0.881208,0.843916,0.881263,1.023777,"Longevity regulating pathway - multiple species","K04564","SOD2","superoxide dismutase, Fe-Mn family"
"g_20541",0,0,"Q89YY3.1","RecName: Full=Chaperone protein ClpB",3.510806,9.631493,9.603492,1.138048,0.813476,1.124844,2.049255,2.554558,1.799251,"Longevity regulating pathway - multiple species","K03695","clpB","ATP-dependent Clp protease ATP-binding subunit ClpB"
"g_20959",0,0,"P37369.2","RecName: Full=Superoxide dismutase",0.866646,2.669695,3.778768,0.807197,0.095669,0.160387,0.537707,0.263284,0.13251,"Longevity regulating pathway - multiple species","K04564","SOD2","superoxide dismutase, Fe-Mn family"
"g_21880",0,0,"Q5AHG6.2","RecName: Full=Serine/threonine-protein kinase SCH9",16.234484,6.612172,3.892886,0.089717,0.278893,0.331195,0.184883,0.075075,0.118656,"Longevity regulating pathway - multiple species","K19800","SCH9","serine/threonine protein kinase SCH9"
"g_22229",0,0,"Q74FF1.1","RecName: Full=Chaperone protein ClpB",3.318076,5.368507,3.546712,0,0.038299,0.05892,0,0,0,"Longevity regulating pathway - multiple species","K03695","clpB","ATP-dependent Clp protease ATP-binding subunit ClpB"
"g_22331",0,0,"P53421.2","RecName: Full=Heat shock protein 70 1; AltName: Full=HSP72",123.82949,31.102587,24.305419,1.15425,1.519082,2.657496,1.351043,1.278706,1.620728,"Longevity regulating pathway - multiple species","K03283","HSPA1s","heat shock 70kDa protein 1/2/6/8"
"g_22529",0,0,"P87222.2","RecName: Full=Ribosome-associated molecular chaperone SSB1; AltName: Full=Heat shock protein SSB1; AltName: Full=Hsp70 chaperone Ssb",133.540981,83.759527,65.204445,0.658511,0.772129,1.157233,0.556308,0.806785,0.529604,"Longevity regulating pathway - multiple species","K03283","HSPA1s","heat shock 70kDa protein 1/2/6/8"
"g_23585",0,0,"P36415.2","RecName: Full=Heat shock cognate 70 kDa protein 1; Short=HSC70-1",2.296324,4.269124,3.419668,0.050753,0.17562,0.074476,0.057421,0.266501,0.045451,"Longevity regulating pathway - multiple species","K03283","HSPA1s","heat shock 70kDa protein 1/2/6/8"
"g_23919",0,0,"P33748.1","RecName: Full=Zinc finger protein MSN2; AltName: Full=Multicopy suppressor of SNF1 protein 2",20.600748,19.941654,18.853027,0,0.302256,0.286758,0.050437,0.100476,0.183025,"Longevity regulating pathway - multiple species","K09468","MSN2_4","zinc finger protein MSN2/4"
"g_24458",0,0,NA,NA,5.318689,7.384039,6.409926,0,0,0.183695,0.472633,1.262681,0,"Longevity regulating pathway - multiple species","K04456","AKT","RAC serine/threonine-protein kinase"
"g_24677",0,1,"O13289.5","RecName: Full=Peroxisomal catalase",42.175095,12.018855,5.474682,0.427447,0.078005,0.85489,0.359615,0.386534,0.484979,"Longevity regulating pathway - multiple species","K03781","katE, CAT, catB, srpA","catalase"
"g_24703",0,0,"Q9ZN99.2","RecName: Full=Catalase",5.299882,9.612671,11.743806,1.95343,1.694553,0.687996,0.692438,1.583122,0.408946,"Longevity regulating pathway - multiple species","K03781","katE, CAT, catB, srpA","catalase"
"g_25063",0,0,"O13289.5","RecName: Full=Peroxisomal catalase",4.582169,6.617971,5.473204,0,0.054869,0,0,0.057021,0,"Longevity regulating pathway - multiple species","K03781","katE, CAT, catB, srpA","catalase"
"g_25098",0,1,"Q12361.1","RecName: Full=G protein-coupled receptor GPR1",2.958354,4.115734,3.888141,0,0.049641,0,0.161852,0,0.118675,"Longevity regulating pathway - multiple species","K12762","GPR1","G protein-coupled receptor GPR1"
"g_26710",0,1,"O93724.2","RecName: Full=Superoxide dismutase",5.3414,11.732652,8.360128,0.097673,0.859241,0.580528,0.834736,0.721183,1.377121,"Longevity regulating pathway - multiple species","K04564","SOD2","superoxide dismutase, Fe-Mn family"
"g_29269",0,0,"Q6FWL5.3","RecName: Full=Superoxide dismutase",46.145574,29.710071,31.076552,0.187748,0.693824,1.413963,1.815741,0.962184,0.525178,"Longevity regulating pathway - multiple species","K04565","SOD1","superoxide dismutase, Cu-Zn family"
"g_29329",0,1,"P31108.1","RecName: Full=Superoxide dismutase",88.981948,35.369577,42.45229,0.793073,0.567636,0.677902,18.433318,15.009973,2.212254,"Longevity regulating pathway - multiple species","K04564","SOD2","superoxide dismutase, Fe-Mn family"
"g_29375",0,0,"P28760.2","RecName: Full=Superoxide dismutase",2.996415,5.88746,3.518792,0.083161,0.119492,0,0,0.124179,0,"Longevity regulating pathway - multiple species","K04564","SOD2","superoxide dismutase, Fe-Mn family"
"g_29615",0,0,"Q9KU18.1","RecName: Full=Chaperone protein ClpB",2.197015,4.740674,4.632445,0.75294,0.512536,0.666314,1.408194,1.386541,0.975458,"Longevity regulating pathway - multiple species","K03695","clpB","ATP-dependent Clp protease ATP-binding subunit ClpB"
"g_31096",0,0,"P53623.2","RecName: Full=Heat shock protein 70 2",5.771949,19.139193,22.127308,0.263709,0.266239,0.460225,0.320862,0.135693,0.090907,"Longevity regulating pathway - multiple species","K03283","HSPA1s","heat shock 70kDa protein 1/2/6/8"
"g_31146",0,0,"P36415.2","RecName: Full=Heat shock cognate 70 kDa protein 1; Short=HSC70-1",121.84207,46.22975,46.645348,1.374357,1.034591,1.339176,29.807185,31.224379,2.029105,"Longevity regulating pathway - multiple species","K03283","HSPA1s","heat shock 70kDa protein 1/2/6/8"
"g_31398",0,0,"P53421.2","RecName: Full=Heat shock protein 70 1; AltName: Full=HSP72",253.484458,95.398326,75.625007,3.43936,5.439907,8.068279,3.257407,2.9813,2.428527,"Longevity regulating pathway - multiple species","K03283","HSPA1s","heat shock 70kDa protein 1/2/6/8"
"g_33223",0,0,"P05986.2","RecName: Full=cAMP-dependent protein kinase type 3; Short=PKA 3",6.491934,6.53467,7.46064,0.132949,0.073446,0.058545,0.154094,0.069851,0.113329,"Longevity regulating pathway - multiple species","K04345","PKA","protein kinase A"
"g_33406",0,0,"O77229.2","RecName: Full=Catalase-A",17.98581,9.073905,10.644104,0.164201,0.150253,0.135385,4.253797,4.932609,0.41838,"Longevity regulating pathway - multiple species","K03781","katE, CAT, catB, srpA","catalase"
"g_33668",0,0,"P53641.3","RecName: Full=Superoxide dismutase",42.980673,44.324822,39.186852,0.520748,2.069249,1.253276,1.729149,0.760877,1.04556,"Longevity regulating pathway - multiple species","K04564","SOD2","superoxide dismutase, Fe-Mn family"
"g_34076",0,0,"Q8XKG8.1","RecName: Full=Chaperone protein ClpB",2.089696,6.112515,3.767838,0.14603,0.135786,0.227945,0.189209,0.242602,0.182623,"Longevity regulating pathway - multiple species","K03695","clpB","ATP-dependent Clp protease ATP-binding subunit ClpB"
"g_35912",0,1,"P10662.2","RecName: Full=37S ribosomal protein MRP1, mitochondrial; AltName: Full=Mitochondrial small ribosomal subunit protein mS43; Flags: Precursor",14.834579,4.660496,5.890231,0.275381,0.082981,0.472154,0,0,0.206874,"Longevity regulating pathway - multiple species","K04564","SOD2","superoxide dismutase, Fe-Mn family"
"g_36530",0,0,"Q89YY3.1","RecName: Full=Chaperone protein ClpB",46.104626,102.24921,84.453526,18.748773,11.449295,28.008014,28.45938,24.649421,24.673126,"Longevity regulating pathway - multiple species","K03695","clpB","ATP-dependent Clp protease ATP-binding subunit ClpB"
"g_37568",0,1,"Q9HVN5.1","RecName: Full=Chaperone protein ClpB",15.937906,17.082723,16.963016,56.339032,24.43568,68.99148,209.707334,115.681142,461.832089,"Longevity regulating pathway - multiple species","K03695","clpB","ATP-dependent Clp protease ATP-binding subunit ClpB"
"g_37594",1,0,"P0C0F9.1","RecName: Full=Superoxide dismutase",76.008609,102.354651,78.764601,230.416069,230.611673,160.950002,149.972437,166.981741,67.372045,"Longevity regulating pathway - multiple species","K04564","SOD2","superoxide dismutase, Fe-Mn family"
"g_40158",0,0,"P53421.2","RecName: Full=Heat shock protein 70 1; AltName: Full=HSP72",127.857254,36.913927,28.353277,3.100839,3.812082,6.285487,2.575252,2.589491,2.675342,"Longevity regulating pathway - multiple species","K03283","HSPA1s","heat shock 70kDa protein 1/2/6/8"
"g_41727",1,0,"P19665.2","RecName: Full=Superoxide dismutase",4.345328,9.738553,10.529756,1.663848,2.786224,0.850968,0.924962,2.681801,2.015358,"Longevity regulating pathway - multiple species","K04564","SOD2","superoxide dismutase, Fe-Mn family"
"g_41985",0,0,"Q9RUV2.3","RecName: Full=Superoxide dismutase",88.51922,163.638073,225.939181,1852.313693,2007.431321,1745.861174,2833.028667,1488.565046,440.349277,"Longevity regulating pathway - multiple species","K04564","SOD2","superoxide dismutase, Fe-Mn family"
"g_44037",0,0,"O13289.5","RecName: Full=Peroxisomal catalase",60.69244,32.804809,23.98857,1.313973,1.597928,2.461614,2.053906,1.448237,1.587139,"Longevity regulating pathway - multiple species","K03781","katE, CAT, catB, srpA","catalase"
"g_44404",0,0,"Q59635.1","RecName: Full=Catalase; AltName: Full=Paraquat-inducible catalase isozyme B; Flags: Precursor",1.770148,0.927044,0.505051,2.438678,2.433878,1.828586,1.43147,1.528151,2.636029,"Longevity regulating pathway - multiple species","K03781","katE, CAT, catB, srpA","catalase"
"g_44437",0,0,"P0AGD2.1","RecName: Full=Superoxide dismutase",5.819606,1.395493,2.267505,10.585109,8.104173,27.748477,23.986103,21.028064,26.900383,"Longevity regulating pathway - multiple species","K04565","SOD1","superoxide dismutase, Cu-Zn family"
"g_44597",0,0,"P24702.2","RecName: Full=Superoxide dismutase",74.315982,125.665097,149.622151,0.690152,0.959575,3.215574,1.106325,0.67649,0.60395,"Longevity regulating pathway - multiple species","K04565","SOD1","superoxide dismutase, Cu-Zn family"
"g_49715",0,0,"P0AGD2.1","RecName: Full=Superoxide dismutase",0.447539,0.380277,0.252836,2.208271,0.557879,3.561149,2.485844,1.255101,2.25671,"Longevity regulating pathway - multiple species","K04565","SOD1","superoxide dismutase, Cu-Zn family"
"g_50723",0,0,"P42730.2","RecName: Full=Chaperone protein ClpB1; AltName: Full=ATP-dependent Clp protease ATP-binding subunit ClpB homolog 1; AltName: Full=Casein lytic proteinase B1; AltName: Full=Heat shock protein 101; AltName: Full=Protein DEFECTIVE IN LONG-TERM ACQUIRED THERMOTOLERANCE",10.194336,2.280264,1.90031,0.259277,0.28653,0.358704,7.572629,7.52875,0.360135,"Longevity regulating pathway - multiple species","K03695","clpB","ATP-dependent Clp protease ATP-binding subunit ClpB"
"g_51165",0,0,"P09189.1","RecName: Full=Heat shock cognate 70 kDa protein",45.865245,12.273899,12.095747,0.917899,0.809214,1.301625,28.92322,34.381711,1.954565,"Longevity regulating pathway - multiple species","K03283","HSPA1s","heat shock 70kDa protein 1/2/6/8"
"g_52988",0,0,"P28760.2","RecName: Full=Superoxide dismutase",319.941723,612.74914,556.704045,134.787792,79.425159,145.039702,130.437829,93.06364,63.435931,"Longevity regulating pathway - multiple species","K04564","SOD2","superoxide dismutase, Fe-Mn family"
"g_53121",0,0,"P09213.1","RecName: Full=Superoxide dismutase",2.153255,7.477811,2.29153,0.300541,0.634126,0.296995,0.343623,1.485373,3.813159,"Longevity regulating pathway - multiple species","K04564","SOD2","superoxide dismutase, Fe-Mn family"
"g_54020",0,0,"P95539.1","RecName: Full=Catalase HPII",3.581775,1.221589,1.938768,4.156722,5.281633,6.270347,9.282344,5.558793,5.498969,"Longevity regulating pathway - multiple species","K03781","katE, CAT, catB, srpA","catalase"
"g_55000",0,0,"Q9ZN99.2","RecName: Full=Catalase",5.177665,2.889422,2.068853,5.377733,7.041054,5.142439,5.004065,5.509983,7.262195,"Longevity regulating pathway - multiple species","K03781","katE, CAT, catB, srpA","catalase"
"g_55215",0,0,"P0C0F9.1","RecName: Full=Superoxide dismutase",149.072696,205.061737,273.232258,39.658619,33.32768,30.425452,44.454577,46.917225,40.502124,"Longevity regulating pathway - multiple species","K04564","SOD2","superoxide dismutase, Fe-Mn family"
"g_56826",1,1,"P19665.2","RecName: Full=Superoxide dismutase",9.11537,23.657568,21.903585,1.929362,1.175523,0.807269,2.701809,5.164499,3.0584,"Longevity regulating pathway - multiple species","K04564","SOD2","superoxide dismutase, Fe-Mn family"
